,timestamp,x_pos,y_pos,side
0,-1.0064761638641357,0.699999988079071,-0.14000000059604645,right
1,3.009263515472412,-0.699999988079071,0.0,left
2,8.95642614364624,0.699999988079071,-0.14000000059604645,right
3,13.805436134338379,0.0,0.20000000298023224,straight
4,16.818411350250244,-0.699999988079071,0.0,left
5,19.831180572509766,0.699999988079071,-0.14000000059604645,right
6,23.344402551651,0.0,-0.20000000298023224,straight
7,27.357629537582397,-0.699999988079071,0.0,left
8,31.87517237663269,0.699999988079071,-0.14000000059604645,right
9,33.88722515106201,-0.699999988079071,0.0,left
10,37.903364419937134,0.699999988079071,-0.14000000059604645,right
11,43.417564153671265,-0.699999988079071,0.0,left
12,50.203131914138794,0.2345000058412552,-0.09345000237226486,right
13,50.205652713775635,0.699999988079071,-0.14000000059604645,right
14,52.364277601242065,-0.18549999594688416,-0.05144999921321869,left
15,52.36629509925842,-0.699999988079071,0.0,left
16,52.9150116443634,-0.699999988079071,0.0,left
17,52.9174919128418,-0.699999988079071,0.0,left
18,56.617605209350586,-0.2800000011920929,-0.041999999433755875,left
19,56.62200880050659,0.699999988079071,-0.14000000059604645,right
20,56.757914304733276,-0.699999988079071,0.0,left
21,56.76209616661072,-0.699999988079071,0.0,left
22,59.24290370941162,0.2571827173233032,-0.09571827203035355,right
23,59.24808859825134,0.699999988079071,-0.14000000059604645,right
24,59.554521322250366,-0.2345000058412552,-0.046549998223781586,left
25,59.559518575668335,-0.699999988079071,0.0,left
26,61.72962927818298,0.18549999594688416,-0.08855000138282776,right
27,61.7348997592926,0.699999988079071,-0.14000000059604645,right
28,63.82839798927307,-0.2345000058412552,-0.046549998223781586,left
29,63.83764290809631,-0.699999988079071,0.0,left
30,66.78788661956787,0.4474354386329651,-0.11474354565143585,right
31,66.79160189628601,0.699999988079071,-0.14000000059604645,right
32,70.27407050132751,-0.07531993836164474,-0.06246800720691681,left
33,70.27895164489746,-0.699999988079071,0.0,left
34,71.31462574005127,-0.2345000058412552,-0.046549998223781586,left
35,71.32283306121826,-0.699999988079071,0.0,left
36,73.6014633178711,0.18549999594688416,-0.08855000138282776,right
37,73.60623598098755,0.699999988079071,-0.14000000059604645,right
38,74.51323747634888,0.0,0.20000000298023224,straight
39,78.5503339767456,0.4570108950138092,-0.1157010868191719,right
40,78.55818915367126,0.699999988079071,-0.14000000059604645,right
41,82.77600359916687,-0.2345000058412552,-0.046549998223781586,left
42,82.7799916267395,-0.699999988079071,0.0,left
43,84.01488256454468,0.18549999594688416,-0.08855000138282776,right
44,84.01902055740356,0.699999988079071,-0.14000000059604645,right
45,84.95958924293518,-0.2345000058412552,-0.046549998223781586,left
46,84.96257615089417,-0.699999988079071,0.0,left
47,88.80324101448059,0.5186913013458252,-0.12186913192272186,right
48,88.80783581733704,0.699999988079071,-0.14000000059604645,right
49,91.78411149978638,0.09869135171175003,-0.07986913621425629,right
50,91.7886745929718,-0.699999988079071,0.0,left
51,92.38918471336365,0.5186913013458252,-0.12186913192272186,right
52,92.39389824867249,0.699999988079071,-0.14000000059604645,right
53,97.39619970321655,0.04225080832839012,-0.07422508299350739,right
54,97.39825367927551,-0.699999988079071,0.0,left
55,98.50457167625427,0.46225085854530334,-0.11622508615255356,right
56,98.50915861129761,0.699999988079071,-0.14000000059604645,right
57,102.70502066612244,-0.04839368164539337,-0.06516063213348389,left
58,102.70827150344849,-0.699999988079071,0.0,left
59,104.37237167358398,0.38742077350616455,-0.10874208062887192,right
60,104.3759286403656,0.699999988079071,-0.14000000059604645,right
61,105.3648750782013,-0.2345000058412552,-0.046549998223781586,left
62,105.36956548690796,-0.699999988079071,0.0,left
63,107.83467125892639,0.18549999594688416,-0.08855000138282776,right
64,107.83920073509216,0.699999988079071,-0.14000000059604645,right
65,110.07358050346375,-0.2345000058412552,-0.046549998223781586,left
66,110.07835721969604,-0.699999988079071,0.0,left
67,114.95324063301086,0.18549999594688416,-0.08855000138282776,right
68,114.96027255058289,0.699999988079071,-0.14000000059604645,right
69,117.11406970024109,0.48495426774024963,-0.11849542707204819,right
70,117.11776971817017,0.699999988079071,-0.14000000059604645,right
71,117.4239718914032,-0.2345000058412552,-0.046549998223781586,left
72,117.42793774604797,-0.699999988079071,0.0,left
73,119.84153461456299,0.489471435546875,-0.11894714087247849,right
74,119.84541249275208,0.699999988079071,-0.14000000059604645,right
75,123.45372343063354,0.03220934048295021,-0.07322093099355698,right
76,123.45871210098267,-0.699999988079071,0.0,left
77,124.06264472007751,-0.2345000058412552,-0.046549998223781586,left
78,124.06698107719421,-0.699999988079071,0.0,left
79,126.17831873893738,0.4441368281841278,-0.11441367864608765,right
80,126.18200302124023,0.699999988079071,-0.14000000059604645,right
81,127.24570870399475,0.0,0.20000000298023224,straight
82,132.81508660316467,0.46172529458999634,-0.11617252975702286,right
83,132.81925463676453,0.699999988079071,-0.14000000059604645,right
84,134.63115978240967,-0.2345000058412552,-0.046549998223781586,left
85,134.6417646408081,-0.699999988079071,0.0,left
86,138.38732290267944,0.18549999594688416,-0.08855000138282776,right
87,138.39223384857178,0.699999988079071,-0.14000000059604645,right
88,142.3505823612213,-0.2345000058412552,-0.046549998223781586,left
89,142.35606169700623,-0.699999988079071,0.0,left
90,146.08430409431458,0.497600793838501,-0.11976008117198944,right
91,146.08754444122314,0.699999988079071,-0.14000000059604645,right
92,148.6442060470581,0.0,0.20000000298023224,straight
93,153.94538712501526,0.18549999594688416,-0.08855000138282776,right
94,153.94981288909912,0.699999988079071,-0.14000000059604645,right
95,156.92803931236267,0.49220165610313416,-0.11922016739845276,right
96,156.93288588523865,0.699999988079071,-0.14000000059604645,right
97,159.62852716445923,0.04486313462257385,-0.07448631525039673,right
98,159.6313135623932,-0.699999988079071,0.0,left
99,160.15840077400208,0.45969635248184204,-0.11596963554620743,right
100,160.16333651542664,0.699999988079071,-0.14000000059604645,right
101,164.5613453388214,-0.00220781983807683,-0.06977921724319458,left
102,164.5657196044922,-0.699999988079071,0.0,left
103,165.37056708335876,-0.2345000058412552,-0.046549998223781586,left
104,165.38011002540588,-0.699999988079071,0.0,left
105,169.0895552635193,0.18549999594688416,-0.08855000138282776,right
106,169.09396600723267,0.699999988079071,-0.14000000059604645,right
107,172.76937770843506,-0.2345000058412552,-0.046549998223781586,left
108,172.77379059791565,-0.699999988079071,0.0,left
109,175.49089550971985,0.0,0.20000000298023224,straight
110,179.53258657455444,-0.2345000058412552,-0.046549998223781586,left
111,179.5367453098297,-0.699999988079071,0.0,left
112,181.89308500289917,0.18549999594688416,-0.08855000138282776,right
113,181.9004716873169,0.699999988079071,-0.14000000059604645,right
114,183.15381050109863,0.4478863775730133,-0.11478863656520844,right
115,183.15874004364014,0.699999988079071,-0.14000000059604645,right
116,183.46482181549072,-0.2345000058412552,-0.046549998223781586,left
117,183.468492269516,-0.699999988079071,0.0,left
118,184.67720985412598,0.44020551443099976,-0.11402055621147156,right
119,184.68142461776733,0.699999988079071,-0.14000000059604645,right
120,189.7174916267395,-0.0023224223405122757,-0.06976775825023651,left
121,189.72153568267822,-0.699999988079071,0.0,left
122,191.2087860107422,0.4066636860370636,-0.11066636443138123,right
123,191.21370458602905,0.699999988079071,-0.14000000059604645,right
124,193.7907636165619,0.0,0.20000000298023224,straight
125,199.0077383518219,0.18549999594688416,-0.08855000138282776,right
126,199.0122263431549,0.699999988079071,-0.14000000059604645,right
127,200.6400270462036,0.40813082456588745,-0.11081308126449585,right
128,200.6451599597931,0.699999988079071,-0.14000000059604645,right
129,203.5172519683838,-0.016675280407071114,-0.06833247095346451,left
130,203.52237224578857,-0.699999988079071,0.0,left
131,204.47801852226257,0.3966609239578247,-0.10966609418392181,right
132,204.48006439208984,0.699999988079071,-0.14000000059604645,right
133,207.91296672821045,-0.04060038924217224,-0.06593996286392212,left
134,207.91646599769592,-0.699999988079071,0.0,left
135,208.77467560768127,-0.2345000058412552,-0.046549998223781586,left
136,208.77914094924927,-0.699999988079071,0.0,left
137,212.99879050254822,0.3932095468044281,-0.10932095348834991,right
138,213.0033643245697,0.699999988079071,-0.14000000059604645,right
139,216.10144901275635,-0.033699072897434235,-0.06663009524345398,left
140,216.10674500465393,-0.699999988079071,0.0,left
141,217.6273376941681,0.3870103061199188,-0.10870102792978287,right
142,217.62934756278992,0.699999988079071,-0.14000000059604645,right
143,218.12617421150208,-0.2345000058412552,-0.046549998223781586,left
144,218.13045454025269,-0.699999988079071,0.0,left
145,221.95762848854065,0.18549999594688416,-0.08855000138282776,right
146,221.96465468406677,0.699999988079071,-0.14000000059604645,right
147,224.388521194458,-0.2345000058412552,-0.046549998223781586,left
148,224.3939332962036,-0.699999988079071,0.0,left
149,227.4625599384308,0.18549999594688416,-0.08855000138282776,right
150,227.46719765663147,0.699999988079071,-0.14000000059604645,right
151,229.04454565048218,0.0,0.20000000298023224,straight
152,233.78614711761475,0.42955464124679565,-0.11295546591281891,right
153,233.7899751663208,0.699999988079071,-0.14000000059604645,right
154,235.30048370361328,-0.2345000058412552,-0.046549998223781586,left
155,235.30419445037842,-0.699999988079071,0.0,left
156,238.84033751487732,0.18549999594688416,-0.08855000138282776,right
157,238.84247422218323,0.699999988079071,-0.14000000059604645,right
158,242.13772988319397,-0.2345000058412552,-0.046549998223781586,left
159,242.14220714569092,-0.699999988079071,0.0,left
160,243.13301730155945,0.4440847933292389,-0.114408478140831,right
161,243.1357400417328,0.699999988079071,-0.14000000059604645,right
162,245.24610090255737,-0.2345000058412552,-0.046549998223781586,left
163,245.2503252029419,-0.699999988079071,0.0,left
164,247.3614456653595,0.44268959760665894,-0.114268958568573,right
165,247.36590361595154,0.699999988079071,-0.14000000059604645,right
166,250.07845067977905,-0.2345000058412552,-0.046549998223781586,left
167,250.08321261405945,-0.699999988079071,0.0,left
168,251.33061456680298,0.0,0.20000000298023224,straight
169,256.12172532081604,0.18549999594688416,-0.08855000138282776,right
170,256.1264491081238,0.699999988079071,-0.14000000059604645,right
171,257.8216595649719,-0.2345000058412552,-0.046549998223781586,left
172,257.8271744251251,-0.699999988079071,0.0,left
173,261.03764367103577,0.18549999594688416,-0.08855000138282776,right
174,261.04243993759155,0.699999988079071,-0.14000000059604645,right
175,264.1732883453369,-0.2345000058412552,-0.046549998223781586,left
176,264.1792793273926,-0.699999988079071,0.0,left
177,267.5525598526001,0.47197383642196655,-0.11719737946987152,right
178,267.5567452907562,0.699999988079071,-0.14000000059604645,right
179,270.2736551761627,0.04052845016121864,-0.0740528479218483,right
180,270.2781660556793,-0.699999988079071,0.0,left
181,271.10331535339355,0.4570072889328003,-0.11570072919130325,right
182,271.1079580783844,0.699999988079071,-0.14000000059604645,right
183,271.5239405632019,0.0,0.20000000298023224,straight
184,277.1978325843811,0.45340198278427124,-0.11534019559621811,right
185,277.2037901878357,0.699999988079071,-0.14000000059604645,right
186,278.71429920196533,-0.2345000058412552,-0.046549998223781586,left
187,278.71924901008606,-0.699999988079071,0.0,left
188,281.1255841255188,0.18549999594688416,-0.08855000138282776,right
189,281.1305990219116,0.699999988079071,-0.14000000059604645,right
190,282.8482644557953,-0.2345000058412552,-0.046549998223781586,left
191,282.85250520706177,-0.699999988079071,0.0,left
192,286.5499267578125,0.4618104100227356,-0.11618103832006454,right
193,286.55404901504517,0.699999988079071,-0.14000000059604645,right
194,289.2663688659668,-0.2345000058412552,-0.046549998223781586,left
195,289.27079725265503,-0.699999988079071,0.0,left
196,291.9854702949524,0.18549999594688416,-0.08855000138282776,right
197,291.9902606010437,0.699999988079071,-0.14000000059604645,right
198,293.4890580177307,0.46373099088668823,-0.11637309938669205,right
199,293.49203991889954,0.699999988079071,-0.14000000059604645,right
200,295.00036549568176,-0.2345000058412552,-0.046549998223781586,left
201,295.00575590133667,-0.699999988079071,0.0,left
202,296.96219992637634,0.0,0.20000000298023224,straight
203,301.6776957511902,0.18549999594688416,-0.08855000138282776,right
204,301.68277955055237,0.699999988079071,-0.14000000059604645,right
205,304.96558952331543,-0.2345000058412552,-0.046549998223781586,left
206,304.9705195426941,-0.699999988079071,0.0,left
207,309.31055521965027,0.18549999594688416,-0.08855000138282776,right
208,309.3151376247406,0.699999988079071,-0.14000000059604645,right
209,311.33202362060547,0.0,0.20000000298023224,straight
210,318.50606775283813,0.049967870116233826,-0.07499678432941437,right
211,318.51087188720703,-0.699999988079071,0.0,left
212,318.81486678123474,-0.2345000058412552,-0.046549998223781586,left
213,318.82726860046387,-0.699999988079071,0.0,left
214,321.3247377872467,0.18549999594688416,-0.08855000138282776,right
215,321.3278784751892,0.699999988079071,-0.14000000059604645,right
216,323.99351358413696,-0.2345000058412552,-0.046549998223781586,left
217,323.99764466285706,-0.699999988079071,0.0,left
218,324.5520007610321,0.4721168279647827,-0.11721168458461761,right
219,324.555864572525,0.699999988079071,-0.14000000059604645,right
220,329.8713071346283,0.04438258334994316,-0.07443825900554657,right
221,329.87731099128723,-0.699999988079071,0.0,left
222,330.8434684276581,0.46546614170074463,-0.1165466159582138,right
223,330.8482484817505,0.699999988079071,-0.14000000059604645,right
224,331.1819314956665,-0.2345000058412552,-0.046549998223781586,left
225,331.1864984035492,-0.699999988079071,0.0,left
226,335.5903823375702,0.18549999594688416,-0.08855000138282776,right
227,335.59534668922424,0.699999988079071,-0.14000000059604645,right
228,337.43192434310913,0.0,0.20000000298023224,straight
229,342.6302375793457,0.4734809994697571,-0.1173480972647667,right
230,342.6350302696228,0.699999988079071,-0.14000000059604645,right
231,343.84361958503723,-0.2345000058412552,-0.046549998223781586,left
232,343.84721660614014,-0.699999988079071,0.0,left
233,347.0843436717987,0.18549999594688416,-0.08855000138282776,right
234,347.0894384384155,0.699999988079071,-0.14000000059604645,right
235,347.7645435333252,0.4770348370075226,-0.11770348250865936,right
236,347.76962661743164,0.699999988079071,-0.14000000059604645,right
237,349.2805480957031,-0.2345000058412552,-0.046549998223781586,left
238,349.2850606441498,-0.699999988079071,0.0,left
239,351.69710874557495,0.47787854075431824,-0.11778785288333893,right
240,351.70222759246826,0.699999988079071,-0.14000000059604645,right
241,352.6102497577667,-0.2345000058412552,-0.046549998223781586,left
242,352.6126902103424,-0.699999988079071,0.0,left
243,356.5015285015106,0.18549999594688416,-0.08855000138282776,right
244,356.505891084671,0.699999988079071,-0.14000000059604645,right
245,360.6534996032715,-0.2345000058412552,-0.046549998223781586,left
246,360.65780329704285,-0.699999988079071,0.0,left
247,362.5480899810791,0.481330007314682,-0.11813300102949142,right
248,362.55479669570923,0.699999988079071,-0.14000000059604645,right
249,363.74376797676086,0.0,0.20000000298023224,straight
250,368.2014231681824,0.18549999594688416,-0.08855000138282776,right
251,368.20626425743103,0.699999988079071,-0.14000000059604645,right
252,369.1866593360901,0.48130691051483154,-0.11813069134950638,right
253,369.1912491321564,0.699999988079071,-0.14000000059604645,right
254,371.00290060043335,-0.2345000058412552,-0.046549998223781586,left
255,371.00924158096313,-0.699999988079071,0.0,left
256,373.5676054954529,0.18549999594688416,-0.08855000138282776,right
257,373.5725438594818,0.699999988079071,-0.14000000059604645,right
258,375.5297911167145,0.4827668070793152,-0.1182766780257225,right
259,375.5347821712494,0.699999988079071,-0.14000000059604645,right
260,379.7095437049866,0.052324626594781876,-0.07523246109485626,right
261,379.7146420478821,-0.699999988079071,0.0,left
262,380.3558144569397,-0.2345000058412552,-0.046549998223781586,left
263,380.3603811264038,-0.699999988079071,0.0,left
264,381.4477035999298,0.18549999594688416,-0.08855000138282776,right
265,381.452823638916,0.699999988079071,-0.14000000059604645,right
266,382.6204721927643,-0.2345000058412552,-0.046549998223781586,left
267,382.62391424179077,-0.699999988079071,0.0,left
268,386.5255777835846,0.18549999594688416,-0.08855000138282776,right
269,386.5299162864685,0.699999988079071,-0.14000000059604645,right
270,386.9853940010071,0.4744667410850525,-0.11744667589664459,right
271,386.9952292442322,0.699999988079071,-0.14000000059604645,right
272,388.5048246383667,-0.2345000058412552,-0.046549998223781586,left
273,388.51035237312317,-0.699999988079071,0.0,left
274,390.7570872306824,0.18549999594688416,-0.08855000138282776,right
275,390.7612979412079,0.699999988079071,-0.14000000059604645,right
276,390.86172437667847,0.0,0.20000000298023224,straight
277,397.546532869339,-0.2345000058412552,-0.046549998223781586,left
278,397.5508496761322,-0.699999988079071,0.0,left
279,400.2637937068939,0.47859272360801697,-0.11785927414894104,right
280,400.26834535598755,0.699999988079071,-0.14000000059604645,right
281,401.48247146606445,-0.2345000058412552,-0.046549998223781586,left
282,401.4867343902588,-0.699999988079071,0.0,left
283,404.34440422058105,0.18549999594688416,-0.08855000138282776,right
284,404.3489501476288,0.699999988079071,-0.14000000059604645,right
285,406.00542068481445,0.47943204641342163,-0.11794320493936539,right
286,406.0108036994934,0.699999988079071,-0.14000000059604645,right
287,409.7941417694092,0.05296369642019272,-0.07529637217521667,right
288,409.7999234199524,-0.699999988079071,0.0,left
289,410.4940731525421,0.47131097316741943,-0.11713109910488129,right
290,410.4984335899353,0.699999988079071,-0.14000000059604645,right
291,413.2406413555145,-0.2345000058412552,-0.046549998223781586,left
292,413.2487545013428,-0.699999988079071,0.0,left
293,415.679151058197,0.18549999594688416,-0.08855000138282776,right
294,415.68208026885986,0.699999988079071,-0.14000000059604645,right
295,418.0097064971924,-0.2345000058412552,-0.046549998223781586,left
296,418.0141167640686,-0.699999988079071,0.0,left
297,420.17453026771545,0.47236931324005127,-0.11723693460226059,right
298,420.17677760124207,0.699999988079071,-0.14000000059604645,right
299,422.5870566368103,-0.2345000058412552,-0.046549998223781586,left
300,422.59030079841614,-0.699999988079071,0.0,left
301,423.4040324687958,0.0,0.20000000298023224,straight
302,427.41953015327454,0.4738534092903137,-0.11738534271717072,right
303,427.4233980178833,0.699999988079071,-0.14000000059604645,right
304,431.07554817199707,0.04905351251363754,-0.07490535080432892,right
305,431.0798590183258,-0.699999988079071,0.0,left
306,432.0403425693512,0.470083087682724,-0.11700830608606339,right
307,432.0457375049591,0.699999988079071,-0.14000000059604645,right
308,432.2446985244751,-0.2345000058412552,-0.046549998223781586,left
309,432.24909257888794,-0.699999988079071,0.0,left
310,435.6487150192261,0.18549999594688416,-0.08855000138282776,right
311,435.65351247787476,0.699999988079071,-0.14000000059604645,right
312,438.90572476387024,-0.2345000058412552,-0.046549998223781586,left
313,438.909996509552,-0.699999988079071,0.0,left
314,443.69341707229614,0.18549999594688416,-0.08855000138282776,right
315,443.6975591182709,0.699999988079071,-0.14000000059604645,right
316,448.6701259613037,-0.2345000058412552,-0.046549998223781586,left
317,448.6774196624756,-0.699999988079071,0.0,left
318,453.3511412143707,0.0,0.20000000298023224,straight
319,459.5507581233978,0.06095705181360245,-0.07609570771455765,right
320,459.55467534065247,-0.699999988079071,0.0,left
321,460.7847921848297,0.47839799523353577,-0.11783979833126068,right
322,460.79139614105225,0.699999988079071,-0.14000000059604645,right
323,464.79344367980957,0.05003618821501732,-0.07500361651182175,right
324,464.79914021492004,-0.699999988079071,0.0,left
325,465.83067321777344,0.46785202622413635,-0.1167852059006691,right
326,465.83589458465576,0.699999988079071,-0.14000000059604645,right
327,469.0366680622101,0.042839400470256805,-0.07428394258022308,right
328,469.0390636920929,-0.699999988079071,0.0,left
329,469.5776581764221,-0.2345000058412552,-0.046549998223781586,left
330,469.5816946029663,-0.699999988079071,0.0,left
331,470.86681604385376,0.18549999594688416,-0.08855000138282776,right
332,470.8713872432709,0.699999988079071,-0.14000000059604645,right
333,471.88852071762085,-0.2345000058412552,-0.046549998223781586,left
334,471.89273142814636,-0.699999988079071,0.0,left
335,474.9211938381195,0.0,0.20000000298023224,straight
336,480.5693645477295,0.045417461544275284,-0.07454174757003784,right
337,480.57418632507324,-0.699999988079071,0.0,left
338,481.3280313014984,0.4654174745082855,-0.11654174327850342,right
339,481.33582401275635,0.699999988079071,-0.14000000059604645,right
340,484.46115255355835,0.04242139309644699,-0.07424213737249374,right
341,484.4653525352478,-0.699999988079071,0.0,left
342,485.1026859283447,0.4611537456512451,-0.11611537635326385,right
343,485.10839915275574,0.699999988079071,-0.14000000059604645,right
344,488.6203610897064,0.03496631979942322,-0.07349663227796555,right
345,488.6226396560669,-0.699999988079071,0.0,left
346,489.7498240470886,0.4561082124710083,-0.11561082303524017,right
347,489.75588846206665,0.699999988079071,-0.14000000059604645,right
348,489.7638716697693,-0.2345000058412552,-0.046549998223781586,left
349,489.7716267108917,-0.699999988079071,0.0,left
350,493.42051458358765,0.18549999594688416,-0.08855000138282776,right
351,493.42277216911316,0.699999988079071,-0.14000000059604645,right
352,495.19631719589233,0.4587697982788086,-0.11587698012590408,right
353,495.2018082141876,0.699999988079071,-0.14000000059604645,right
354,498.3217980861664,0.0,0.20000000298023224,straight
355,505.968514919281,-0.2345000058412552,-0.046549998223781586,left
356,505.972375869751,-0.699999988079071,0.0,left
357,509.0165820121765,0.18549999594688416,-0.08855000138282776,right
358,509.0194664001465,0.699999988079071,-0.14000000059604645,right
359,511.7696008682251,-0.2345000058412552,-0.046549998223781586,left
360,511.7743945121765,-0.699999988079071,0.0,left
361,515.6778919696808,0.46520018577575684,-0.11652001738548279,right
362,515.6816756725311,0.699999988079071,-0.14000000059604645,right
363,518.4117805957794,0.04211754724383354,-0.07421175390481949,right
364,518.416109085083,-0.699999988079071,0.0,left
365,518.8984892368317,0.4612204134464264,-0.1161220446228981,right
366,518.9030520915985,0.699999988079071,-0.14000000059604645,right
367,523.2134590148926,-0.2345000058412552,-0.046549998223781586,left
368,523.2190518379211,-0.699999988079071,0.0,left
369,524.9599266052246,0.18549999594688416,-0.08855000138282776,right
370,524.9641706943512,0.699999988079071,-0.14000000059604645,right
371,526.8777964115143,-0.2345000058412552,-0.046549998223781586,left
372,526.8852143287659,-0.699999988079071,0.0,left
373,531.3523790836334,0.18549999594688416,-0.08855000138282776,right
374,531.3552443981171,0.699999988079071,-0.14000000059604645,right
375,535.5815961360931,-0.2345000058412552,-0.046549998223781586,left
376,535.5864646434784,-0.699999988079071,0.0,left
377,538.3109259605408,0.0,0.20000000298023224,straight
378,543.3978071212769,0.468193918466568,-0.11681938916444778,right
379,543.4027135372162,0.699999988079071,-0.14000000059604645,right
380,545.9881074428558,0.0480365976691246,-0.0748036578297615,right
381,545.9922122955322,-0.699999988079071,0.0,left
382,546.7427046298981,0.4673532545566559,-0.11673532426357269,right
383,546.7472250461578,0.699999988079071,-0.14000000059604645,right
384,551.1791706085205,0.039624087512493134,-0.07396240532398224,right
385,551.1893229484558,-0.699999988079071,0.0,left
386,552.2269558906555,0.45778435468673706,-0.11577843874692917,right
387,552.2314603328705,0.699999988079071,-0.14000000059604645,right
388,554.572548866272,0.0,0.20000000298023224,straight
389,558.621586561203,-0.2345000058412552,-0.046549998223781586,left
390,558.625766992569,-0.699999988079071,0.0,left
391,562.8455953598022,0.18549999594688416,-0.08855000138282776,right
392,562.8504226207733,0.699999988079071,-0.14000000059604645,right
393,567.3285396099091,-0.2345000058412552,-0.046549998223781586,left
394,567.3332562446594,-0.699999988079071,0.0,left
395,571.7965519428253,0.18549999594688416,-0.08855000138282776,right
396,571.8036439418793,0.699999988079071,-0.14000000059604645,right
397,576.4639205932617,-0.2345000058412552,-0.046549998223781586,left
398,576.4683792591095,-0.699999988079071,0.0,left
399,579.6255676746368,0.18549999594688416,-0.08855000138282776,right
400,579.6303687095642,0.699999988079071,-0.14000000059604645,right
401,580.4312217235565,0.46562355756759644,-0.11656235158443451,right
402,580.436023235321,0.699999988079071,-0.14000000059604645,right
403,584.0590052604675,0.04469117522239685,-0.07446911931037903,right
404,584.0611064434052,-0.699999988079071,0.0,left
405,584.7894661426544,0.4646911919116974,-0.1164691150188446,right
406,584.7967803478241,0.699999988079071,-0.14000000059604645,right
407,585.8569345474243,-0.2345000058412552,-0.046549998223781586,left
408,585.8615517616272,-0.699999988079071,0.0,left
409,588.0968177318573,0.18549999594688416,-0.08855000138282776,right
410,588.1006677150726,0.699999988079071,-0.14000000059604645,right
411,589.9329259395599,-0.2345000058412552,-0.046549998223781586,left
412,589.938152551651,-0.699999988079071,0.0,left
413,590.3005321025848,0.0,0.20000000298023224,straight
414,595.5142319202423,0.4660724699497223,-0.11660724878311157,right
415,595.5183417797089,0.699999988079071,-0.14000000059604645,right
416,599.533684015274,0.03968255594372749,-0.07396825402975082,right
417,599.538355588913,-0.699999988079071,0.0,left
418,600.7251784801483,0.45776060223579407,-0.11577606201171875,right
419,600.7300565242767,0.699999988079071,-0.14000000059604645,right
420,605.1857500076294,0.030870769172906876,-0.07308707386255264,right
421,605.1906998157501,-0.699999988079071,0.0,left
422,606.3512885570526,0.0,0.20000000298023224,straight
423,611.9013185501099,-0.2345000058412552,-0.046549998223781586,left
424,611.9047465324402,-0.699999988079071,0.0,left
425,613.8869624137878,0.45464763045310974,-0.11546476185321808,right
426,613.8932867050171,0.699999988079071,-0.14000000059604645,right
427,616.8111705780029,0.034905701875686646,-0.07349056750535965,right
428,616.8141982555389,-0.699999988079071,0.0,left
429,617.413735628128,0.45397481322288513,-0.11539748311042786,right
430,617.420170545578,0.699999988079071,-0.14000000059604645,right
431,621.3667073249817,0.03191322833299637,-0.0731913223862648,right
432,621.3716502189636,-0.699999988079071,0.0,left
433,622.4815189838409,0.4501965343952179,-0.11501965671777725,right
434,622.4858644008636,0.699999988079071,-0.14000000059604645,right
435,626.7084085941315,0.02365490421652794,-0.07236549258232117,right
436,626.7107391357422,-0.699999988079071,0.0,left
437,627.8897457122803,0.4417986273765564,-0.11417986452579498,right
438,627.8945696353912,0.699999988079071,-0.14000000059604645,right
439,631.0560786724091,-0.2345000058412552,-0.046549998223781586,left
440,631.060195684433,-0.699999988079071,0.0,left
441,633.5535018444061,0.18549999594688416,-0.08855000138282776,right
442,633.5580458641052,0.699999988079071,-0.14000000059604645,right
443,636.138019323349,-0.2345000058412552,-0.046549998223781586,left
444,636.1449642181396,-0.699999988079071,0.0,left
445,640.4589829444885,0.0,0.20000000298023224,straight
446,645.8897409439087,-0.2345000058412552,-0.046549998223781586,left
447,645.8943140506744,-0.699999988079071,0.0,left
448,646.1137154102325,0.4484391510486603,-0.11484391987323761,right
449,646.1186163425446,0.699999988079071,-0.14000000059604645,right
450,650.9687449932098,0.021235253661870956,-0.07212352752685547,right
451,650.9731695652008,-0.699999988079071,0.0,left
452,652.4798667430878,0.439011812210083,-0.11390118300914764,right
453,652.4847409725189,0.699999988079071,-0.14000000059604645,right
454,656.6600911617279,0.013319795951247215,-0.07133197784423828,right
455,656.66228556633,-0.699999988079071,0.0,left
456,657.8629670143127,0.4341883361339569,-0.1134188324213028,right
457,657.8656766414642,-0.2345000058412552,-0.046549998223781586,left
458,657.8683063983917,0.699999988079071,-0.14000000059604645,right
459,657.8720605373383,-0.699999988079071,0.0,left
460,661.1492176055908,0.18549999594688416,-0.08855000138282776,right
461,661.1544246673584,0.699999988079071,-0.14000000059604645,right
462,661.1907444000244,0.4345647990703583,-0.11345648020505905,right
463,661.1970841884613,0.699999988079071,-0.14000000059604645,right
464,663.1095471382141,0.0,0.20000000298023224,straight
465,667.8314988613129,0.4333299994468689,-0.11333300173282623,right
466,667.8361291885376,0.699999988079071,-0.14000000059604645,right
467,669.9502575397491,-0.2345000058412552,-0.046549998223781586,left
468,669.9544179439545,-0.699999988079071,0.0,left
469,672.1236021518707,0.18549999594688416,-0.08855000138282776,right
470,672.1281044483185,0.699999988079071,-0.14000000059604645,right
471,674.205578327179,-0.2345000058412552,-0.046549998223781586,left
472,674.2098205089569,-0.699999988079071,0.0,left
473,679.0699625015259,0.18549999594688416,-0.08855000138282776,right
474,679.0743885040283,0.699999988079071,-0.14000000059604645,right
475,683.8050217628479,0.4409003257751465,-0.11409003287553787,right
476,683.8095667362213,0.699999988079071,-0.14000000059604645,right
477,685.0187950134277,-0.2345000058412552,-0.046549998223781586,left
478,685.0231122970581,-0.699999988079071,0.0,left
479,689.0407886505127,0.18549999594688416,-0.08855000138282776,right
480,689.0444312095642,0.699999988079071,-0.14000000059604645,right
481,691.8207337856293,0.0,0.20000000298023224,straight
482,697.1337082386017,0.18549999594688416,-0.08855000138282776,right
483,697.138308763504,0.699999988079071,-0.14000000059604645,right
484,697.3683679103851,0.4473150670528412,-0.11473150551319122,right
485,697.3729183673859,0.699999988079071,-0.14000000059604645,right
486,701.84889960289,0.021905452013015747,-0.0721905454993248,right
487,701.8566603660583,-0.699999988079071,0.0,left
488,702.7965466976166,-0.2345000058412552,-0.046549998223781586,left
489,702.8012998104095,-0.699999988079071,0.0,left
490,704.0115466117859,0.440877765417099,-0.114087775349617,right
491,704.015542268753,0.699999988079071,-0.14000000059604645,right
492,706.4308323860168,0.0,0.20000000298023224,straight
493,711.8500893115997,0.4398767352104187,-0.11398766934871674,right
494,711.8542466163635,0.699999988079071,-0.14000000059604645,right
495,712.7615480422974,-0.2345000058412552,-0.046549998223781586,left
496,712.7641773223877,-0.699999988079071,0.0,left
497,717.0891544818878,0.18549999594688416,-0.08855000138282776,right
498,717.0934779644012,0.699999988079071,-0.14000000059604645,right
499,720.6068422794342,-0.2345000058412552,-0.046549998223781586,left
500,720.6110234260559,-0.699999988079071,0.0,left
501,725.2334604263306,0.18549999594688416,-0.08855000138282776,right
502,725.2390305995941,0.699999988079071,-0.14000000059604645,right
503,730.1108527183533,-0.2345000058412552,-0.046549998223781586,left
504,730.1149401664734,-0.699999988079071,0.0,left
505,731.7248935699463,0.44982996582984924,-0.11498299986124039,right
506,731.7302234172821,0.699999988079071,-0.14000000059604645,right
507,735.0464997291565,-0.2345000058412552,-0.046549998223781586,left
508,735.0509700775146,-0.699999988079071,0.0,left
509,736.8603127002716,0.4482896625995636,-0.11482896655797958,right
510,736.8641843795776,0.699999988079071,-0.14000000059604645,right
511,737.9323740005493,0.0,0.20000000298023224,straight
512,743.1949524879456,0.44963204860687256,-0.11496320366859436,right
513,743.1996586322784,0.699999988079071,-0.14000000059604645,right
514,744.4092543125153,-0.2345000058412552,-0.046549998223781586,left
515,744.4126732349396,-0.699999988079071,0.0,left
516,747.0445048809052,0.18549999594688416,-0.08855000138282776,right
517,747.0472376346588,0.699999988079071,-0.14000000059604645,right
518,748.3300316333771,0.4510536789894104,-0.11510536819696426,right
519,748.3346416950226,0.699999988079071,-0.14000000059604645,right
520,748.6402695178986,-0.2345000058412552,-0.046549998223781586,left
521,748.6443343162537,-0.699999988079071,0.0,left
522,751.1466746330261,0.18549999594688416,-0.08855000138282776,right
523,751.150488615036,0.699999988079071,-0.14000000059604645,right
524,753.3669712543488,-0.2345000058412552,-0.046549998223781586,left
525,753.3729496002197,-0.699999988079071,0.0,left
526,753.7649974822998,0.45250430703163147,-0.11525043100118637,right
527,753.7678623199463,0.699999988079071,-0.14000000059604645,right
528,754.6758685112,-0.2345000058412552,-0.046549998223781586,left
529,754.6799097061157,-0.699999988079071,0.0,left
530,757.8052403926849,0.18549999594688416,-0.08855000138282776,right
531,757.8122158050537,0.699999988079071,-0.14000000059604645,right
532,758.900232553482,0.4537467062473297,-0.11537466943264008,right
533,758.9050400257111,0.699999988079071,-0.14000000059604645,right
534,762.9329526424408,0.032562706619501114,-0.07325626909732819,right
535,762.9371922016144,-0.699999988079071,0.0,left
536,763.4237430095673,-0.2345000058412552,-0.046549998223781586,left
537,763.428649187088,-0.699999988079071,0.0,left
538,766.4182865619659,0.18549999594688416,-0.08855000138282776,right
539,766.4223446846008,0.699999988079071,-0.14000000059604645,right
540,769.3346235752106,-0.2345000058412552,-0.046549998223781586,left
541,769.3404076099396,-0.699999988079071,0.0,left
542,769.7520689964294,0.4550703763961792,-0.11550703644752502,right
543,769.7549412250519,0.699999988079071,-0.14000000059604645,right
544,772.1677904129028,-0.2345000058412552,-0.046549998223781586,left
545,772.1734828948975,-0.699999988079071,0.0,left
546,773.3300821781158,0.0,0.20000000298023224,straight
547,780.0412776470184,0.031736765056848526,-0.07317367941141129,right
548,780.0455884933472,-0.699999988079071,0.0,left
549,781.5656461715698,0.45149320363998413,-0.11514931917190552,right
550,781.5708763599396,0.699999988079071,-0.14000000059604645,right
551,781.8146336078644,-0.2345000058412552,-0.046549998223781586,left
552,781.8190100193024,-0.699999988079071,0.0,left
553,784.538391828537,0.4512791037559509,-0.11512790620326996,right
554,784.5431296825409,0.699999988079071,-0.14000000059604645,right
555,787.8598048686981,-0.2345000058412552,-0.046549998223781586,left
556,787.8647096157074,-0.699999988079071,0.0,left
557,789.0342421531677,0.18549999594688416,-0.08855000138282776,right
558,789.0385546684265,0.699999988079071,-0.14000000059604645,right
559,789.9936485290527,-0.2345000058412552,-0.046549998223781586,left
560,789.9976985454559,-0.699999988079071,0.0,left
561,793.589625120163,0.4516924321651459,-0.11516924202442169,right
562,793.5925517082214,0.699999988079071,-0.14000000059604645,right
563,798.2953579425812,0.02797909453511238,-0.07279790937900543,right
564,798.3000283241272,-0.699999988079071,0.0,left
565,799.313604593277,0.44778910279273987,-0.11477891355752945,right
566,799.3158242702484,0.699999988079071,-0.14000000059604645,right
567,800.217013835907,-0.2345000058412552,-0.046549998223781586,left
568,800.2212860584259,-0.699999988079071,0.0,left
569,801.7331655025482,0.44810086488723755,-0.11481008678674698,right
570,801.7372596263885,0.699999988079071,-0.14000000059604645,right
571,802.6457660198212,-0.2345000058412552,-0.046549998223781586,left
572,802.6501340866089,-0.699999988079071,0.0,left
573,806.0057470798492,0.18549999594688416,-0.08855000138282776,right
574,806.0101144313812,0.699999988079071,-0.14000000059604645,right
575,806.4502685070038,0.0,0.20000000298023224,straight
576,810.8427455425262,0.18549999594688416,-0.08855000138282776,right
577,810.847498178482,0.699999988079071,-0.14000000059604645,right
578,811.9951574802399,0.4509701430797577,-0.11509701609611511,right
579,812.0005257129669,0.699999988079071,-0.14000000059604645,right
580,813.8114840984344,-0.2345000058412552,-0.046549998223781586,left
581,813.8165814876556,-0.699999988079071,0.0,left
582,816.3657822608948,0.18549999594688416,-0.08855000138282776,right
583,816.3715341091156,0.699999988079071,-0.14000000059604645,right
584,817.1340615749359,0.45069068670272827,-0.11506906896829605,right
585,817.1378643512726,0.699999988079071,-0.14000000059604645,right
586,822.6210923194885,0.027172913774847984,-0.07271729409694672,right
587,822.6243085861206,-0.699999988079071,0.0,left
588,824.3263900279999,0.44638484716415405,-0.11463848501443863,right
589,824.3301348686218,0.699999988079071,-0.14000000059604645,right
590,828.161301612854,0.022000404074788094,-0.07220003753900528,right
591,828.1650383472443,-0.699999988079071,0.0,left
592,829.1453588008881,0.4410509169101715,-0.11410509049892426,right
593,829.1504230499268,0.699999988079071,-0.14000000059604645,right
594,830.1514792442322,0.0,0.20000000298023224,straight
595,833.6773517131805,0.18549999594688416,-0.08855000138282776,right
596,833.682116985321,0.699999988079071,-0.14000000059604645,right
597,834.6022906303406,0.4409753680229187,-0.11409753561019897,right
598,834.6075212955475,0.699999988079071,-0.14000000059604645,right
599,837.2522184848785,0.02053346484899521,-0.07205334305763245,right
600,837.2571723461151,-0.699999988079071,0.0,left
601,837.9935216903687,0.44008082151412964,-0.11400808393955231,right
602,837.9979920387268,0.699999988079071,-0.14000000059604645,right
603,838.5263347625732,-0.2345000058412552,-0.046549998223781586,left
604,838.5315406322479,-0.699999988079071,0.0,left
605,842.0095455646515,0.18549999594688416,-0.08855000138282776,right
606,842.0141818523407,0.699999988079071,-0.14000000059604645,right
607,843.4456596374512,-0.2345000058412552,-0.046549998223781586,left
608,843.4532413482666,-0.699999988079071,0.0,left
609,843.6522281169891,0.44175195693969727,-0.11417519301176071,right
610,843.6564395427704,0.699999988079071,-0.14000000059604645,right
611,846.9283716678619,0.018087351694703102,-0.07180873304605484,right
612,846.9336953163147,-0.699999988079071,0.0,left
613,847.8841240406036,0.4370114207267761,-0.11370114237070084,right
614,847.8882775306702,0.699999988079071,-0.14000000059604645,right
615,851.1834743022919,-0.2345000058412552,-0.046549998223781586,left
616,851.1863405704498,-0.699999988079071,0.0,left
617,853.7891638278961,0.18549999594688416,-0.08855000138282776,right
618,853.7939074039459,0.699999988079071,-0.14000000059604645,right
619,856.5017821788788,-0.2345000058412552,-0.046549998223781586,left
620,856.5058109760284,-0.699999988079071,0.0,left
621,860.2399024963379,0.18549999594688416,-0.08855000138282776,right
622,860.2440493106842,0.699999988079071,-0.14000000059604645,right
623,860.7839105129242,0.0,0.20000000298023224,straight
624,868.1391580104828,0.018463384360074997,-0.07184633612632751,right
625,868.1441144943237,-0.699999988079071,0.0,left
626,869.5805394649506,0.43689319491386414,-0.11368931829929352,right
627,869.584953546524,0.699999988079071,-0.14000000059604645,right
628,874.4575564861298,0.012934966944158077,-0.07129349559545517,right
629,874.4623007774353,-0.699999988079071,0.0,left
630,875.8855454921722,0.43136483430862427,-0.11313648521900177,right
631,875.8915753364563,0.699999988079071,-0.14000000059604645,right
632,877.9107246398926,0.0,0.20000000298023224,straight
633,885.8208038806915,-0.2345000058412552,-0.046549998223781586,left
634,885.8248796463013,-0.699999988079071,0.0,left
635,889.2535786628723,0.18549999594688416,-0.08855000138282776,right
636,889.2600336074829,0.699999988079071,-0.14000000059604645,right
637,892.7516610622406,0.4326655864715576,-0.11326655745506287,right
638,892.7569017410278,0.699999988079071,-0.14000000059604645,right
639,896.3732769489288,-0.2345000058412552,-0.046549998223781586,left
640,896.3775687217712,-0.699999988079071,0.0,left
641,900.4093587398529,0.18549999594688416,-0.08855000138282776,right
642,900.4142479896545,0.699999988079071,-0.14000000059604645,right
643,904.3300294876099,-0.2345000058412552,-0.046549998223781586,left
644,904.3346705436707,-0.699999988079071,0.0,left
645,908.2855019569397,0.18549999594688416,-0.08855000138282776,right
646,908.2927873134613,0.699999988079071,-0.14000000059604645,right
647,911.4320616722107,0.4410044252872467,-0.11410044133663177,right
648,911.4368846416473,0.699999988079071,-0.14000000059604645,right
649,914.7199544906616,0.019730301573872566,-0.0719730332493782,right
650,914.7245962619781,-0.699999988079071,0.0,left
651,915.6509671211243,0.43876728415489197,-0.11387673020362854,right
652,915.6551020145416,0.699999988079071,-0.14000000059604645,right
653,919.0715382099152,0.0,0.20000000298023224,straight
654,924.1816234588623,0.18549999594688416,-0.08855000138282776,right
655,924.1892175674438,0.699999988079071,-0.14000000059604645,right
656,924.3919131755829,0.43552568554878235,-0.11355257034301758,right
657,924.3959956169128,0.699999988079071,-0.14000000059604645,right
658,929.70072889328,0.01080030482262373,-0.0710800290107727,right
659,929.7050108909607,-0.699999988079071,0.0,left
660,931.1328632831573,0.4293178617954254,-0.11293178796768188,right
661,931.1379926204681,0.699999988079071,-0.14000000059604645,right
662,936.0535144805908,0.007777311839163303,-0.07077772915363312,right
663,936.0583009719849,-0.699999988079071,0.0,left
664,936.7420690059662,-0.2345000058412552,-0.046549998223781586,left
665,936.7464597225189,-0.699999988079071,0.0,left
666,938.2152998447418,0.18549999594688416,-0.08855000138282776,right
667,938.2265710830688,0.699999988079071,-0.14000000059604645,right
668,939.9729695320129,-0.2345000058412552,-0.046549998223781586,left
669,939.9759542942047,-0.699999988079071,0.0,left
670,943.3174123764038,0.18549999594688416,-0.08855000138282776,right
671,943.3227579593658,0.699999988079071,-0.14000000059604645,right
672,946.609484910965,-0.2345000058412552,-0.046549998223781586,left
673,946.6144940853119,-0.699999988079071,0.0,left
674,950.0374085903168,0.18549999594688416,-0.08855000138282776,right
675,950.04225897789,0.699999988079071,-0.14000000059604645,right
676,953.3011322021484,-0.2345000058412552,-0.046549998223781586,left
677,953.3084824085236,-0.699999988079071,0.0,left
678,956.4976184368134,0.18549999594688416,-0.08855000138282776,right
679,956.5024421215057,0.699999988079071,-0.14000000059604645,right
680,959.7646126747131,-0.2345000058412552,-0.046549998223781586,left
681,959.7701346874237,-0.699999988079071,0.0,left
682,960.224526643753,0.43837493658065796,-0.11383749544620514,right
683,960.2293829917908,0.699999988079071,-0.14000000059604645,right
684,965.6083097457886,0.01305987499654293,-0.07130599021911621,right
685,965.6129071712494,-0.699999988079071,0.0,left
686,966.501903295517,0.0,0.20000000298023224,straight
687,970.8297121524811,0.011790089309215546,-0.07117900997400284,right
688,970.837658405304,-0.699999988079071,0.0,left
689,972.0281529426575,0.43060892820358276,-0.11306089162826538,right
690,972.0331404209137,0.699999988079071,-0.14000000059604645,right
691,973.4756636619568,-0.2345000058412552,-0.046549998223781586,left
692,973.4800839424133,-0.699999988079071,0.0,left
693,974.3907525539398,0.4297179579734802,-0.11297179758548737,right
694,974.394912481308,0.699999988079071,-0.14000000059604645,right
695,975.6068689823151,-0.2345000058412552,-0.046549998223781586,left
696,975.6113555431366,-0.699999988079071,0.0,left
697,977.8676900863647,0.18549999594688416,-0.08855000138282776,right
698,977.869889497757,0.699999988079071,-0.14000000059604645,right
699,980.3576767444611,-0.2345000058412552,-0.046549998223781586,left
700,980.3611016273499,-0.699999988079071,0.0,left
701,984.9456419944763,0.18549999594688416,-0.08855000138282776,right
702,984.9508368968964,0.699999988079071,-0.14000000059604645,right
703,987.9569256305695,0.4325259029865265,-0.11325258761644363,right
704,987.9609997272491,0.699999988079071,-0.14000000059604645,right
705,990.8205962181091,0.010180115699768066,-0.07101801037788391,right
706,990.8259406089783,-0.699999988079071,0.0,left
707,991.754802942276,0.4292924106121063,-0.11292923986911774,right
708,991.7572145462036,0.699999988079071,-0.14000000059604645,right
709,992.5412132740021,0.0,0.20000000298023224,straight
710,996.8686382770538,0.0,0.20000000298023224,straight
