,DisplayText,Duration,Offset
0,Jo.,0.4,0.02
1,Kit.,0.36,2.04
2,"Mars började hmm 9 försökte bara vill fortsätta. Ja, det är vi.",9.94,5.49
3,"Hmm, första bil säger, man vill ju va som du har med. Här sitter jag och johan till första troligt ja och det såg ju on sätt hmm god kommunikation 6.",18.4,19.13
4,,2.18,39.51
5,"Such as you start i hmm hej, hej, jag heter inte ada. Hej, jag heter sy varm.",8.08,43.14
6,Jag kommer från usa och vad heter du och var kommer du ifrån?,7.2,54.23
7,Jag heter sigvard och jag kommer från sverige.,2.96,63.31
8,Träffas.,0.61,68.84
9,Samma vi ska spela spelet med andra. Vi måste beskriva dom. Jag ska försöka gissa till varje pris på surfplatta med en liten bil. Vi har en minut på hur beskriva jobbet medan jag försöker att vissa det finns inte mycket. Vi kan inte säga själva ordet eller varianten av ordet.,21.6,70.25
10,"Till och vi ska spela cirka 20 minuter efter spelet. Får väl hänga med en del, nu kör vi.",8.33,95.17
11,"Okej, måste det här är ju tur kan vi prata samtidigt?",5.16,106.24
12,"Okej, jag tror vi prata en i taget, men nu då det börjar, okej?",6.97,114.63
13,Någon gång människa som är död?,3.96,123.69
14,Enander.,1.47,129.56
15,Den ande som går igen. Hmm navan.,3.97,133.53
16,Ja ett bra exempel? Hmm?,3.79,139.65
17,Ja då tar vi nästa steg. Nej.,3.89,144.37
18,Hmm.,0.47,149.77
19,"Ja okej, det kan vi gå vidare? Nej, men va. Nu förstår jag hur buketten.",8.93,152.25
20,"Okej, någonting som är runt om man ja, har runt halsen. Hmm.",8.58,166.61
21,Ja vilken sort hmm.,3.28,176.18
22,Ja hmm god man har rätt.,3.53,180.41
23,Någonting som kommer från en fågel?,2.68,187.78
24,Ja.,0.35,191.41
25,"En liten del av fågelns skal, hmm. Jäder.",5.46,193.56
26,"Ja, det är det.",1.46,199.47
27,Nån som lagar vred och bullar och uppgick till strax in.,9.25,206.65
28,"Hej, det är på gång.",1.29,217.47
29,Ja.,0.78,220.02
30,"Okej, någon som var där bröd och bullar och sådär. Hmm, det.",8.37,222.1
31,Första.,0.63,235.1
32,Nånstans där man kan tvätta sig?,2.83,241.12
33,Ja.,0.56,245.12
34,"Det kan gå i en lägenhet, ett rum där man tvättar sig.",4.31,248.22
35,"Hmm barnen ja, det är bra, hmm.",6.2,256.81
36,"Du hade rätt första barn första gången. Hmm, badrum ja.",6.05,264.66
37,Ja lite kött från en gris? Ja.,4.0,274.86
38,"Hmm, många i sverige äter det här till jul? Hmm.",9.16,280.58
39,"Jag tror inte det kommer nästa ord, det här är nånting man kan sätta på ett brev när man vill skicka det, hmm.",9.84,292.95
40,"Ja, det är det.",1.11,302.84
41,Här hämtar man recept jaha sa hmm lite miner.,9.5,307.4
42,Hmm apotek ja ja det är rätt.,3.48,317.84
43,"Ja, när man sover så kan man uppleva det här i land.",4.5,326.57
44,"Hmm, människor.",1.61,332.21
45,"Nej, det blir nånting som man upplever inuti sig själv.",4.9,334.65
46,Ja.,0.72,340.6
47,"Det händer där man drömma. Ja, visst.",3.41,344.35
48,Hmm.,0.48,352.91
49,"Jo, det här är nånting man kan hänga på väggen och tittar på sig själv i hmm.",7.17,357.43
50,"Nej, det är gör har glas. Hmm nej, man ser sig själv i.",9.25,365.43
51,På bil hmm ja ja ja helt rätt.,4.81,377.31
52,Ja.,0.84,382.79
53,Hej kör du.,1.01,385.91
54,Det här är någonting som man kan måla med.,2.4,390.57
55,"Det verktyg, ett redskap som man kan måla med. Ja.",5.39,397.66
56,Kan du gissa vad det är?,1.56,404.75
57,Sitter ett anslag. Hmm bosch ja.,5.56,407.85
58,"Hmm, ja hon hon är.",5.22,419.35
59,"Ja, jag vet inte hur man ser utan att säga att hon är vacker med kungen, men det är inte bästa, hmm.",10.19,426.62
60,Hon är maka till kungen? Ja.,3.38,438.2
61,Under kungens hustru.,1.8,443.43
62,"Hmm hmm. Ja, det är rätt, papper.",4.89,448.98
63,Ja jag hem 2 guld och den hmm?,6.49,457.4
64,Hur kan röra sitt huvud väldigt mycket.,3.29,463.94
65,"Den hår? Hmm, det är ett.",5.72,468.78
66,Okej.,0.68,478.93
67,Till kanske kan.,1.76,481.75
68,Prova ja du hmm.,2.83,486.13
69,Man får rösta.,2.31,490.07
70,Hmm.,1.6,492.91
71,Ja nej nej man man får gjorde man får har man sitt val ja.,8.1,494.9
72,"Hmm, därför att alla har möjlighet att använda detta.",5.55,504.6
73,Så kan man göra demokratiska val.,3.95,510.97
74,Det har med demokrati att göra det.,3.19,519.55
75,"Jag tror du sa det sa det loss. Ja, det är det bra.",4.88,524.54
76,Ja.,0.32,534.66
77,För mig.,0.61,537.24
78,Men.,0.53,539.0
79,"Ja, det var väl perkussion att göra? Ja, det är instrument till ett eller flera instrument.",8.48,541.09
80,Ja ett eller flera musikinstrument.,3.18,550.33
81,"Hmm, ja kilo hon är ett av många. Hmm, slå där precis.",8.36,554.31
82,Hmm.,0.48,565.16
83,Det är en.,1.01,567.23
84,"Markerad, hmm, platsen när man var? Hmm, man ligger när man dör.",8.97,569.97
85,"Vi på jobbet den ligger på jobbet. Hmm sten, ja, det är slaggsten vilken när en del människor ligger där. Hmm, ja, det är helt rätt.",16.8,581.43
86,,0.32,599.8
87,"Ja ha, det här är ett ord som jag behöver när jag ska logga in på en dator eller ett ord som jag behöver när jag ska logga in på en telefon. Jaha, det blir väl nyckel hmm mötena helt rätt.",20.24,600.43
88,"Kan man ja hänga kläder eller ja, man brukar ju inga kläder där inne är det. Hmm, är råd? Ja det är.",14.78,623.93
89,Det här är någonting som bildas när jag går i snön. Hmm.,6.87,640.85
90,"Ja är särskild slags spår. Ja, det är spår som bildas när jag går mina skor i snön. Ja.",10.75,647.78
91,"Vad är det för slags spår? Hmm, barn.",3.76,659.85
92,"Det är ju inte det i sin tur som passar om djur, utan man ser att det är människor som har gått där. Vad är det för slags spår?",10.12,665.17
93,Spåren skog till exempel? Ja.,3.69,679.46
94,"Eller om jag har en nakenfoto går i snön då ser man då ser man inte spår efter skolan, då ser man ju spåret efter foten. Hmm fotspår ja.",11.68,684.8
95,Ja.,0.81,700.43
96,Ja.,0.75,701.99
97,Hmm.,1.26,706.37
98,En björn som jag blivit av med ditt rum.,3.28,709.59
99,Hur vet djur som bor i? Ja.,3.19,715.75
100,"Hmm hmm hmm och så ja, det är rätt till lunch jag har. Det här är någonting som kan stå. Hmm du kan ju hemmet och det är hmm ja, det är levande ting men det är djur. Hmm inte animalisk.",29.93,721.99
101,Ja.,0.58,752.66
102,Förra.,0.47,756.43
103,Vad var det för ord visa den? Ja.,3.27,759.07
104,Krukväxter hel det oj.,2.22,763.6
105,Den här är om du?,3.69,768.54
106,Här hmm.,1.64,772.99
107,Nu är det om du har en efterkommande. Hmm jaha fast flera generationer bort.,6.51,777.7
108,Hmm.,1.58,784.95
109,Ja det.,1.5,786.76
110,Ja om jag vill. Hmm. Komma högt upp i luften.,4.75,790.34
111,Ja och sen ner igen?,2.28,796.67
112,"Då kanske jag ägnar mig åt en sport grym för pris, en gren i sporten som heter det ha det här ordet?",7.31,800.41
113,Ja.,0.54,808.94
114,Man hoppar.,1.39,810.33
115,Hmm ja.,2.05,813.32
116,Jaha jaha.,1.65,819.25
117,Ja visst fan till exempel.,6.41,822.48
118,"Svårigheten är det man? Nej, det kan finnas i en turnering. Det kan du göra ja.",8.2,829.38
119,"Nånting är helt i en ring. Ja, det kostar inte så väldigt mycket pengar. Ja.",8.58,839.06
120,"De är från början, så tror ni kåda från är 3 ja hmm ja.",8.49,849.58
121,Ja.,0.64,859.65
122,Det här är en låt nåt som som hänger med nånting som en tb ser en film ja eller en kompis. Från början var det en ja hmm.,20.56,864.43
123,"Från början var det en bok och det handlar om en björn som är väldigt stark och äter honung? Hmm, sina timmar. Ja, det här kan vi hålla egentligen signaturmelodi och det innehåller många melodier.",16.32,885.04
124,Som hänger ihop med den här björnen.,2.23,903.32
125,Ja.,0.8,906.51
126,Hans namn låter ungefär som måste ha i.,3.15,910.09
127,"Ja ja, det ja så bra. Vi försöker att hålla oss till hur du har det. Nej, okej, men bra vi har varandra.",9.43,915.9
128,Hmm tunneln.,1.43,928.35
129,"Nej, det här är någonting som hänger mellan 2 platser och man kanske kan åka bil eller gå på dagen. Hmm, går det tåg vi kan åka på den här? Ja.",14.39,930.79
130,"Under den här saken så kan det vara en ravin, det kan vara en flod.",5.86,946.67
131,Ja.,0.77,954.33
132,Så det är nånting man kan ta sig över mellan 2 höga platser.,4.12,956.7
133,Hmm häng ja.,2.49,962.72
134,Hmm.,0.51,970.22
135,Ja nu är demokrati igen.,2.31,973.91
136,"Du vill veta vad människorna tycker. Jaha, och då måste vi ha en sån här sak.",8.75,977.82
137,Hmm.,1.74,987.33
138,"Ja, det har med politik att göra.",2.03,989.12
139,Hmm beslut.,1.59,991.98
140,"Ja, det här är någonting man har för att få rätt beslut. Hmm, ja, det har rösträtt att göra. Man ber folket att uttrycka sin åsikt.",13.71,994.64
141,Hmm folkomröstning ja bra.,3.39,1009.2
142,Hmm ja.,0.98,1015.58
143,"Ja, jag kan jag kommer och går det för.",3.39,1020.21
144,Sedan.,0.82,1025.7
145,Det här är någonting som finns i kroppen som rusar omkring i våra hmm ådror jaha och det är en mindre del i media.,12.76,1030.88
146,Ja bra.,1.53,1045.21
147,Hmm.,0.83,1050.8
148,"Ja, det är en människa som är han har mat i.",9.07,1055.93
149,"Kyrkan ja och inte precis rätt, men högre än präst.",9.23,1065.19
150,"Det är den bästa, men det är man gustaf rösten precis när det mellan. Hmm nej, inte koden men det är ja, nivå under påven om man har en så hmm on nej, den kyrklige ledare.",19.24,1076.12
151,"Den han är. Han är högre än en kyrkoherde. Hmm, ja hur jag sa, det är hela tiden.",11.33,1099.44
152,Spelande tror det var det mys hoppas att vi har lärt oss och vi hoppas att du lärt dig någonting. Hmm har du det?,9.82,1112.38
153,Ja nej då.,1.57,1123.9
154,Första jämn det går faktiskt i sin skit.,5.32,1128.53
155,S.,0.35,1143.08
156,,15.2,1163.81
157,,15.2,1179.01
158,,15.2,1194.21
159,,15.2,1209.41
160,,15.2,1224.61
161,,31.2,1239.81
162,,15.2,1271.01
163,,15.35,1286.21
164,,15.2,1301.56
165,,15.21,1316.76
166,,15.29,1331.97
167,,15.31,1347.26
168,Då?,0.76,1369.14
169,,15.27,1390.33
170,,15.35,1405.6
171,Office.,0.82,1433.35
172,,2.09,1468.53
173,Den.,0.37,1479.73
174,,15.2,1500.52
175,,15.26,1515.72
176,H.,0.94,1540.46
177,,15.2,1561.96
178,,15.2,1577.16
179,,15.2,1592.36
180,,15.2,1607.56
181,,15.22,1622.76
182,,15.2,1637.98
183,,15.24,1653.18
184,,15.2,1668.42
185,,15.2,1683.62
186,,15.2,1698.82
187,,15.2,1714.02
188,,15.2,1729.22
189,,15.2,1744.42
190,,15.2,1759.62
191,,15.2,1774.82
192,,15.2,1790.02
193,,15.2,1805.22
194,,15.2,1820.42
195,,15.2,1835.62
196,,15.2,1850.82
197,,15.2,1866.02
198,,15.2,1881.22
199,,15.2,1896.42
200,Köp.,0.27,1923.94
201,,15.2,1973.1
202,,15.24,1988.3
203,,15.21,2003.54
204,,15.2,2018.75
205,,15.34,2033.95
206,,15.2,2049.29
207,,15.2,2064.49
208,,15.29,2079.69
209,,9.48,2095.89
