,timestamp,value
0,-2.5211665630340576,{text: #clear_throat_C#}
1,-1.011993169784546,{text: Hej!}
2,0.0,{text: Jag heter föör hatt.}
3,3.0144758224487305,{text: Vad heter du? Och \\pau=200\\ vart kommer du ifrån?}
4,12.24724006652832,{text: Och vad heter du? och \\pau=150\\ vart kommer du ifrån?}
5,19.389092206954956,{text: Trevligt att träffas!}
6,22.399128913879395,{text: Vi ska spela spelet \\pau=150\\ Med Andra Ord}
7,25.41118025779724,{text: Ni måste beskriva ett ord och jag ska försöka gissa det.}
8,28.924295902252197,{text: Varje ord visas på surfplattan med en liten bild!}
9,32.9384548664093,{text: Ni har en minut på er att beskriva ordet \\pau=500\\ medan jag försöka att gissa.}
10,37.454460859298706,{text: Det finns en regel}
11,39.466530561447144,{text: Ni kan inte säga själva ordet eller varianter av ordet}
12,43.479161977767944,{text: Alla andra strategier för att beskriva ordet är tillåtna. \\pau=500\\ Vi ska spela i cirka 20 minuter}
13,48.991151332855225,{text: Efter spelet får ni välja eran belöning.}
14,51.998215198516846,{text: Redo? Nu kör vi!}
15,73.76593852043152,{text: #u-hu_I#}
16,83.30781269073486,{text: #hes_F# \\pau=100\\  prins?}
17,87.53384208679199,{text: #hes_A# \\pau=100\\  drottning?}
18,90.56515002250671,{text: #yeah_D#}
19,93.11567378044128,{text: #u-hu_G#}
20,110.00712847709656,{text: #u-hu_F#}
21,113.5446891784668,{text: #hes_short_I# \\pau=100\\  dröm?}
22,116.55744361877441,{text: #hes_short_E# \\pau=100\\  spöke?}
23,127.91257905960083,{text: #hes_H# \\pau=100\\  förnamn?}
24,137.52608466148376,{text: #hes_short_E# \\pau=100\\  namn?}
25,139.65039134025574,{text: #hes_B# \\pau=100\\  frimärke?}
26,147.11449217796326,{text: #u-hu_A#}
27,151.857036113739,{text: #yeah_short_A#}
28,155.96757888793945,{text: #yeah_short_C#}
29,162.59420824050903,{text: #u-hu_I#}
30,166.37981152534485,{text: #hes_F# \\pau=100\\  pensel?}
31,171.8337745666504,{text: #yeah_G#}
32,180.927259683609,{text: #hes_short_D# \\pau=100\\  ica?}
33,183.18627953529358,{text: #hes_G# \\pau=100\\  apotek?}
34,187.19916534423828,{text: #yeah_short_C#}
35,200.96493673324585,{text: #yeah_H#}
36,221.7630910873413,{text: #hes_D# \\pau=100\\  blixt?}
37,227.90412616729736,{text: #yeah_short_B#}
38,235.76588416099548,{text: #yeah_A#}
39,244.46588516235352,{text: #u-hu_E#}
40,250.11187601089478,{text: #hes_C# \\pau=100\\  fjäder?}
41,255.14165830612183,{text: #yeah_A#}
42,271.40648126602173,{text: #hes_short_D# \\pau=100\\  fåglar?}
43,273.8383460044861,{text: #hes_C# \\pau=100\\  uggla?}
44,276.5648868083954,{text: #yeah_short_B#}
45,288.7736716270447,{text: #yeah_A#}
46,292.6483528614044,{text: #hes_B# \\pau=100\\  omdömme?}
47,295.4645812511444,{text: #u-hu_B#}
48,302.19856095314026,{text: #hes_short_C# \\pau=100\\  betyg?}
49,306.44355392456055,{text: #yeah_short_A#}
50,315.53134298324585,{text: #yeah_I#}
51,321.66290378570557,{text: #hes_H# \\pau=100\\  citronkaka?}
52,339.7788770198822,{text: #hes_short_F# \\pau=100\\  drömmar?}
53,345.2638375759125,{text: #u-hu_G#}
54,351.026869058609,{text: #yeah_short_E#}
55,356.18448662757874,{text: #yeah_A#}
56,359.6844651699066,{text: #hes_short_G# \\pau=100\\  kött?}
57,366.8689959049225,{text: #hes_A# \\pau=100\\  skinka?}
58,369.5317313671112,{text: #yeah_B#}
59,381.02435398101807,{text: #u-hu_J#}
60,384.32443857192993,{text: #hes_D# \\pau=100\\  medalj?}
61,387.11429047584534,{text: #hes_short_J# \\pau=100\\  titeln?}
62,388.9199209213257,{text: #hes_D# \\pau=100\\  guldmedalj?}
63,392.0935833454132,{text: #u-hu_F#}
64,396.08392882347107,{text: #yeah_F#}
65,406.79375743865967,{text: #hes_A# \\pau=100\\  hantverkare?}
66,409.79118967056274,{text: #yeah_short_A#}
67,413.2449109554291,{text: #hes_short_F# \\pau=100\\  bagare?}
68,416.2733471393585,{text: #yeah_short_D#}
69,423.1732189655304,{text: #yeah_E#}
70,425.3633964061737,{text: #hes_short_F# \\pau=100\\  fluga?}
71,426.6580467224121,{text: #hes_short_J# \\pau=100\\  spindel?}
72,429.5627920627594,{text: #yeah_C#}
73,449.09443163871765,{text: #hes_G# \\pau=100\\  tavlan?}
74,451.95054864883423,{text: #hes_short_I# \\pau=100\\  gravsten?}
75,454.67402362823486,{text: #yeah_C#}
76,473.51276087760925,{text: #yeah_F#}
77,485.36361289024353,{text: #hes_C# \\pau=100\\  kaniner?}
78,487.28850269317627,{text: #hes_short_C# \\pau=100\\  husdjur?}
79,490.1636459827423,{text: #u-hu_D#}
80,499.40098690986633,{text: #hes_F# \\pau=100\\  stenar?}
81,510.35043573379517,{text: #yeah_H#}
82,518.0685231685638,{text: #hes_short_I# \\pau=100\\  bärnsten?}
83,527.5748295783997,{text: #u-hu_E#}
84,533.456746339798,{text: #hes_A# \\pau=100\\  isbjörn?}
85,538.3424518108368,{text: #yeah_H#}
86,549.8034496307373,{text: #hes_G# \\pau=100\\  växter?}
87,556.6139893531799,{text: #u-hu_B#}
88,558.4143164157867,{text: #hes_short_J# \\pau=100\\  krukväxt?}
89,578.0972521305084,{text: #hes_F# \\pau=100\\  snabbmat?}
90,597.9831750392914,{text: #hes_short_G# \\pau=100\\  xylofon?}
91,611.1868314743042,{text: #hes_E# \\pau=100\\  slagverk?}
92,626.6345322132111,{text: #yeah_F#}
93,633.862890958786,{text: #yeah_A#}
94,637.9748330116272,{text: #yeah_C#}
95,642.5385761260986,{text: #hes_short_E# \\pau=100\\  lösenord?}
96,654.5626108646393,{text: #yeah_short_C#}
97,658.582358121872,{text: #hes_short_G# \\pau=100\\  får?}
98,668.4802958965302,{text: #hes_F# \\pau=100\\  bock?}
99,672.8983759880066,{text: #hes_I# \\pau=100\\  stenbock?}
100,683.8122088909149,{text: #yeah_E#}
101,688.8877806663513,{text: #hes_F# \\pau=100\\  barnbarn?}
102,704.7497539520264,{text: #hes_A# \\pau=100\\  kryckor?}
103,707.4563081264496,{text: #hes_C# \\pau=100\\  rullstol?}
104,720.3893103599548,{text: #hes_short_G# \\pau=100\\  kyrktorn?}
105,728.4821875095367,{text: #u-hu_I#}
106,733.4040591716766,{text: #yeah_H#}
107,737.8884816169739,{text: #hes_short_J# \\pau=100\\  säng?}
108,742.496917963028,{text: #hes_J# \\pau=100\\  garderob?}
109,745.6130430698395,{text: #u-hu_B#}
110,755.6327459812164,{text: #yeah_short_A#}
111,759.8302323818207,{text: #yeah_short_D#}
112,763.3173744678497,{text: #hes_short_A# \\pau=100\\  rösträtt?}
113,786.6287949085236,{text: #hes_short_E# \\pau=100\\  mardröm?}
114,790.822890996933,{text: #yeah_short_B#}
115,800.5720415115356,{text: #yeah_E#}
116,803.5417850017548,{text: #hes_short_E# \\pau=100\\  dröm?}
117,807.0791811943054,{text: #yeah_B#}
118,815.6078066825867,{text: #hes_short_D# \\pau=100\\  underverk?}
119,829.7619285583496,{text: #u-hu_C#}
120,840.5894882678986,{text: #hes_short_G# \\pau=100\\  musiker?}
121,847.1379494667053,{text: #hes_E# \\pau=100\\  trumslagare?}
122,869.634462594986,{text: #hes_F# \\pau=100\\  folkomröstning?}
123,874.9117422103882,{text: #yeah_C#}
124,885.7408223152161,{text: #yeah_short_E#}
125,891.9812490940094,{text: #hes_F# \\pau=100\\  musklerna?}
126,904.1374430656433,{text: #hes_short_A# \\pau=100\\  blodkroppar?}
127,906.6523487567902,{text: #yeah_D#}
128,926.6370441913605,{text: #hes_H# \\pau=100\\  hängbro?}
129,948.4736590385437,{text: #yeah_G#}
130,956.5419628620148,{text: #hes_short_D# \\pau=100\\  filmen?}
131,959.0920641422272,{text: #yeah_D#}
132,973.5563287734985,{text: #hes_short_B# \\pau=100\\  signaturmelodi?}
133,976.4015762805939,{text: #yeah_short_B#}
134,977.9380645751953,{text: Det är hela tiden vi har. \\pau=500\\  Tack för att ni spelade med mig!}
