,timestamp,value
0,-2.5199811458587646,{text: #clear_throat_C#}
1,-1.0121066570281982,{text: Hej!}
2,0.0,{text: Jag heter föör hatt.}
3,3.0158488750457764,{text: Vad heter du? Och \\pau=200\\ vart kommer du ifrån?}
4,11.362335205078125,{text: Och vad heter du? och \\pau=150\\ vart kommer du ifrån?}
5,17.641724586486816,{text: Trevligt att träffas!}
6,20.65504288673401,{text: Vi ska spela spelet \\pau=150\\ Med Andra Ord}
7,23.66965389251709,{text: Ni måste beskriva ett ord och jag ska försöka gissa det.}
8,27.18201780319214,{text: Varje ord visas på surfplattan med en liten bild!}
9,31.197057962417603,{text: Ni har en minut på er att beskriva ordet \\pau=500\\ medan jag försöka att gissa.}
10,35.713199615478516,{text: Det finns en regel}
11,37.72729229927063,{text: Ni kan inte säga själva ordet eller varianter av ordet}
12,41.73873519897461,{text: Alla andra strategier för att beskriva ordet är tillåtna. \\pau=500\\ Vi ska spela i cirka 20 minuter}
13,47.253649950027466,{text: Efter spelet får ni välja eran belöning.}
14,50.26140308380127,{text: Redo? Nu kör vi!}
15,65.38305258750916,{text: #u-hu_J#}
16,67.93220615386963,{text: #u-hu_C#}
17,82.81167531013489,{text: #yeah_short_D#}
18,93.95965027809143,{text: #hes_A# \\pau=100\\  badrummet?}
19,101.32274723052979,{text: #u-hu_I#}
20,108.85124516487122,{text: #yeah_I#}
21,113.68304228782654,{text: #u-hu_A#}
22,118.3640353679657,{text: #yeah_short_D#}
23,121.9786217212677,{text: #hes_short_E# \\pau=100\\  pensel?}
24,129.31228184700012,{text: #yeah_short_D#}
25,135.07144904136658,{text: #yeah_I#}
26,143.59164094924927,{text: #yeah_short_D#}
27,148.36506819725037,{text: #hes_E# \\pau=100\\  blixt?}
28,157.69058179855347,{text: #yeah_short_A#}
29,161.083340883255,{text: #u-hu_A#}
30,164.99725890159607,{text: #hes_short_G# \\pau=100\\  fluga?}
31,172.51290369033813,{text: #u-hu_I#}
32,177.00731468200684,{text: #hes_G# \\pau=100\\  spindel?}
33,182.98214721679688,{text: #yeah_E#}
34,194.01122975349426,{text: #hes_short_C# \\pau=100\\  hantverkare?}
35,196.2109353542328,{text: #u-hu_J#}
36,204.25460529327393,{text: #hes_A# \\pau=100\\  bagare?}
37,209.47138786315918,{text: #u-hu_D#}
38,216.04040575027466,{text: #yeah_I#}
39,220.8386788368225,{text: #u-hu_D#}
40,225.02735471725464,{text: #hes_short_J# \\pau=100\\  skärm?}
41,227.0871307849884,{text: #hes_D# \\pau=100\\  spegel?}
42,232.06232500076294,{text: #yeah_B#}
43,240.84951996803284,{text: #u-hu_J#}
44,246.46628379821777,{text: #hes_short_G# \\pau=100\\  skinka?}
45,252.7022225856781,{text: #yeah_short_D#}
46,264.04859733581543,{text: #hes_short_J# \\pau=100\\  dröm?}
47,275.05708169937134,{text: #hes_C# \\pau=100\\  omdömet?}
48,282.4611511230469,{text: #u-hu_B#}
49,288.06151700019836,{text: #hes_short_H# \\pau=100\\  omdömme?}
50,290.32752227783203,{text: #hes_short_E# \\pau=100\\  betyg?}
51,296.2623858451843,{text: #yeah_I#}
52,305.89300179481506,{text: #hes_short_E# \\pau=100\\  dröm?}
53,311.07912492752075,{text: #hes_D# \\pau=100\\  spöke?}
54,314.8021240234375,{text: #yeah_H#}
55,321.2528681755066,{text: #yeah_G#}
56,332.085200548172,{text: #hes_short_E# \\pau=100\\  titeln?}
57,338.0900857448578,{text: #hes_D# \\pau=100\\  medalj?}
58,341.5063030719757,{text: #hes_short_G# \\pau=100\\  guldmedalj?}
59,346.1518807411194,{text: #yeah_D#}
60,360.1073453426361,{text: #hes_G# \\pau=100\\  fjäder?}
61,365.381956577301,{text: #u-hu_I#}
62,376.3019983768463,{text: #hes_short_D# \\pau=100\\  fåglar?}
63,386.62642455101013,{text: #hes_C# \\pau=100\\  uggla?}
64,405.126327753067,{text: #hes_F# \\pau=100\\  förnamn?}
65,413.4729223251343,{text: #hes_short_B# \\pau=100\\  frimärke?}
66,418.24113488197327,{text: #yeah_D#}
67,427.14874291419983,{text: #yeah_B#}
68,429.88378381729126,{text: #yeah_short_C#}
69,430.5703537464142,{text: #yeah_A#}
70,432.40208983421326,{text: #yeah_short_D#}
71,443.8344759941101,{text: #hes_short_C# \\pau=100\\  drottning?}
72,450.43157148361206,{text: #u-hu_F#}
73,453.4314489364624,{text: #u-hu_E#}
74,457.42033791542053,{text: #yeah_G#}
75,461.1575484275818,{text: #hes_short_E# \\pau=100\\  sjölejon?}
76,468.1023335456848,{text: #hes_F# \\pau=100\\  späckhuggare?}
77,471.3106038570404,{text: #hes_J# \\pau=100\\  isbjörn?}
78,474.522341966629,{text: #u-hu_E#}
79,476.6792838573456,{text: #yeah_short_A#}
80,486.31214594841003,{text: #hes_B# \\pau=100\\  kaniner?}
81,499.48245787620544,{text: #u-hu_F#}
82,504.5469329357147,{text: #yeah_short_B#}
83,508.1815679073334,{text: #hes_short_E# \\pau=100\\  hund?}
84,519.1892404556274,{text: #hes_I# \\pau=100\\  husdjur?}
85,526.1514723300934,{text: #yeah_C#}
86,533.9192271232605,{text: #yeah_J#}
87,538.1983363628387,{text: #hes_E# \\pau=100\\  kryckor?}
88,544.0321083068848,{text: #hes_short_I# \\pau=100\\  bil?}
89,547.1818268299103,{text: #yeah_C#}
90,555.5820581912994,{text: #yeah_C#}
91,559.2137093544006,{text: #hes_H# \\pau=100\\  rullstol?}
92,563.5610501766205,{text: #yeah_A#}
93,566.1107614040375,{text: #yeah_B#}
94,573.7589814662933,{text: #yeah_D#}
95,578.1076431274414,{text: #u-hu_B#}
96,591.668755531311,{text: #hes_G# \\pau=100\\  höjdhopp?}
97,602.1110537052155,{text: #yeah_I#}
98,604.478776216507,{text: #hes_short_I# \\pau=100\\  blommor?}
99,606.8809950351715,{text: #yeah_A#}
100,611.4707655906677,{text: #yeah_short_C#}
101,616.6592798233032,{text: #hes_J# \\pau=100\\  pelargoner?}
102,627.97558426857,{text: #hes_J# \\pau=100\\  krukväxt?}
103,630.791271686554,{text: #u-hu_B#}
104,635.2307865619659,{text: #yeah_E#}
105,644.4981949329376,{text: #yeah_J#}
106,648.2586369514465,{text: #hes_B# \\pau=100\\  tavlan?}
107,651.1016476154327,{text: #u-hu_F#}
108,656.1151378154755,{text: #hes_short_I# \\pau=100\\  gravsten?}
109,663.4605512619019,{text: #yeah_A#}
110,669.6108732223511,{text: #yeah_D#}
111,673.2746233940125,{text: #hes_short_B# \\pau=100\\  bärnsten?}
112,676.4506690502167,{text: #yeah_E#}
113,691.1265459060669,{text: #yeah_C#}
114,694.1213314533234,{text: #yeah_F#}
115,706.67120885849,{text: #hes_short_I# \\pau=100\\  rösträtt?}
116,712.4495241641998,{text: #yeah_short_C#}
117,729.2989592552185,{text: #hes_short_A# \\pau=100\\  mejl?}
118,731.3039455413818,{text: #hes_J# \\pau=100\\  email?}
119,734.6209397315979,{text: #yeah_A#}
120,742.7311608791351,{text: #hes_short_H# \\pau=100\\  lösenord?}
121,750.9984250068665,{text: #yeah_short_E#}
122,757.8403429985046,{text: #yeah_E#}
123,772.0070807933807,{text: #yeah_G#}
124,780.2791428565979,{text: #yeah_J#}
125,784.3347752094269,{text: #hes_H# \\pau=100\\  garderob?}
126,789.9379875659943,{text: #yeah_short_A#}
127,798.2498638629913,{text: #yeah_A#}
128,802.3445599079132,{text: #hes_short_G# \\pau=100\\  slagverk?}
129,806.5000245571136,{text: #yeah_G#}
130,820.8466777801514,{text: #hes_I# \\pau=100\\  vandring?}
131,826.9899928569794,{text: #hes_short_D# \\pau=100\\  fotspår?}
132,830.7711029052734,{text: #u-hu_I#}
133,833.9805037975311,{text: #yeah_short_D#}
134,850.0307395458221,{text: #hes_A# \\pau=100\\  symaskin?}
135,859.3946022987366,{text: #hes_short_E# \\pau=100\\  vävstol?}
136,864.639981508255,{text: #yeah_short_B#}
137,878.3510081768036,{text: #hes_A# \\pau=100\\  musiker?}
138,880.9333648681641,{text: #hes_E# \\pau=100\\  trumslagare?}
139,887.920024394989,{text: #u-hu_B#}
140,898.8746285438538,{text: #hes_B# \\pau=100\\  folkomröstning?}
141,918.2561707496643,{text: #yeah_F#}
142,929.2345716953278,{text: #yeah_G#}
143,933.4118609428406,{text: #hes_short_H# \\pau=100\\  tunneln?}
144,940.6657316684723,{text: #hes_B# \\pau=100\\  hängbro?}
145,952.6638414859772,{text: #yeah_B#}
146,956.424152135849,{text: #hes_short_D# \\pau=100\\  präst?}
147,958.5744867324829,{text: #hes_B# \\pau=100\\  biskop?}
148,962.0794682502747,{text: #yeah_E#}
149,964.7197179794312,{text: #u-hu_F#}
150,978.6102273464203,{text: #hes_short_C# \\pau=100\\  ålder?}
151,981.0405957698822,{text: #hes_C# \\pau=100\\  begränsning?}
152,983.894305229187,{text: #hes_short_H# \\pau=100\\  åldersgräns?}
153,987.0668103694916,{text: #u-hu_A#}
154,999.4904527664185,{text: #yeah_J#}
155,1009.4535653591156,{text: #hes_short_F# \\pau=100\\  filmerna?}
156,1019.1398169994354,{text: #u-hu_I#}
157,1023.4598941802979,{text: #hes_D# \\pau=100\\  musiken?}
158,1026.2243359088898,{text: #hes_B# \\pau=100\\  signaturmelodi?}
159,1029.6684787273407,{text: Det är hela tiden vi har. \\pau=500\\  Tack för att ni spelade med mig!}
