,timestamp,value
0,-2.5200796127319336,{text: #clear_throat_C#}
1,-1.0121941566467285,{text: Hej!}
2,0.0,{text: Jag heter föör hatt.}
3,3.01589035987854,{text: Vad heter du? Och \\pau=200\\ vart kommer du ifrån?}
4,11.15116810798645,{text: Och vad heter du? och \\pau=150\\ vart kommer du ifrån?}
5,18.438814163208008,{text: Trevligt att träffas!}
6,21.452213048934937,{text: Vi ska spela spelet \\pau=150\\ Med Andra Ord}
7,24.465542554855347,{text: Ni måste beskriva ett ord och jag ska försöka gissa det.}
8,27.979644536972046,{text: Varje ord visas på surfplattan med en liten bild!}
9,31.990902185440063,{text: Ni har en minut på er att beskriva ordet \\pau=500\\ medan jag försöka att gissa.}
10,36.50528287887573,{text: Det finns en regel}
11,38.51825141906738,{text: Ni kan inte säga själva ordet eller varianter av ordet}
12,42.53302454948425,{text: Alla andra strategier för att beskriva ordet är tillåtna. \\pau=500\\ Vi ska spela i cirka 20 minuter}
13,48.04836654663086,{text: Efter spelet får ni välja eran belöning.}
14,51.05655241012573,{text: Redo? Nu kör vi!}
15,76.54942274093628,{text: #yeah_G#}
16,82.4869544506073,{text: #hes_short_F# \\pau=100\\  choklad?}
17,84.48793005943298,{text: #hes_G# \\pau=100\\  kött?}
18,91.90692591667175,{text: #u-hu_B#}
19,97.25082039833069,{text: #hes_short_B# \\pau=100\\  skinka?}
20,100.24476051330566,{text: #yeah_short_E#}
21,116.35347747802734,{text: #u-hu_J#}
22,118.93355631828308,{text: #u-hu_C#}
23,120.74414706230164,{text: #hes_short_I# \\pau=100\\  uggla?}
24,134.71598839759827,{text: #hes_G# \\pau=100\\  färg?}
25,144.5191068649292,{text: #hes_F# \\pau=100\\  dusch?}
26,147.52524304389954,{text: #hes_D# \\pau=100\\  spegel?}
27,151.96838998794556,{text: #yeah_D#}
28,159.01556086540222,{text: #u-hu_J#}
29,168.94815516471863,{text: #u-hu_F#}
30,179.02678179740906,{text: #yeah_C#}
31,181.4561746120453,{text: #hes_short_D# \\pau=100\\  mardröm?}
32,188.54159474372864,{text: #hes_F# \\pau=100\\  spöke?}
33,191.6265890598297,{text: #yeah_J#}
34,199.8759536743164,{text: #yeah_short_E#}
35,207.05104446411133,{text: #hes_short_H# \\pau=100\\  pensel?}
36,210.673033952713,{text: #u-hu_J#}
37,219.10771417617798,{text: #u-hu_F#}
38,225.5593569278717,{text: #hes_F# \\pau=100\\  hantverkare?}
39,232.84847474098206,{text: #yeah_short_E#}
40,239.6914176940918,{text: #hes_B# \\pau=100\\  bagare?}
41,244.3666045665741,{text: #yeah_A#}
42,255.95071983337402,{text: #yeah_C#}
43,262.51637721061707,{text: #u-hu_B#}
44,266.2064151763916,{text: #hes_B# \\pau=100\\  kronan?}
45,268.9403660297394,{text: #hes_short_H# \\pau=100\\  drottning?}
46,272.9282772541046,{text: #yeah_H#}
47,276.5837140083313,{text: #u-hu_E#}
48,285.34744000434875,{text: #yeah_H#}
49,294.6804540157318,{text: #hes_short_F# \\pau=100\\  spindel?}
50,302.38526344299316,{text: #yeah_A#}
51,308.1755120754242,{text: #yeah_J#}
52,314.74738121032715,{text: #yeah_I#}
53,321.49603819847107,{text: #u-hu_A#}
54,323.8378715515137,{text: #hes_short_J# \\pau=100\\  näbb?}
55,328.615186214447,{text: #hes_F# \\pau=100\\  fjäder?}
56,332.77819204330444,{text: #yeah_H#}
57,351.9764630794525,{text: #yeah_short_A#}
58,358.3357107639313,{text: #u-hu_B#}
59,360.97546577453613,{text: #yeah_D#}
60,364.64292907714844,{text: #hes_D# \\pau=100\\  drömmar?}
61,368.776246547699,{text: #u-hu_F#}
62,370.69803380966187,{text: #yeah_C#}
63,373.3049895763397,{text: #u-hu_I#}
64,380.35728907585144,{text: #hes_A# \\pau=100\\  apotek?}
65,384.28479170799255,{text: #u-hu_E#}
66,396.61206889152527,{text: #hes_I# \\pau=100\\  medalj?}
67,402.82769536972046,{text: #u-hu_A#}
68,409.5176167488098,{text: #hes_H# \\pau=100\\  guldmedalj?}
69,414.0746603012085,{text: #u-hu_G#}
70,420.19656014442444,{text: #yeah_J#}
71,429.98010873794556,{text: #hes_E# \\pau=100\\  betyg?}
72,443.0872142314911,{text: #yeah_B#}
73,449.0552456378937,{text: #yeah_G#}
74,452.6871705055237,{text: #hes_short_F# \\pau=100\\  slagverk?}
75,472.3373794555664,{text: #yeah_short_C#}
76,479.4530210494995,{text: #yeah_B#}
77,482.1449589729309,{text: #hes_short_I# \\pau=100\\  får?}
78,483.6506130695343,{text: #hes_short_G# \\pau=100\\  stenbock?}
79,499.6044178009033,{text: #yeah_short_A#}
80,505.3632731437683,{text: #u-hu_D#}
81,509.71038818359375,{text: #hes_G# \\pau=100\\  blommor?}
82,523.9096882343292,{text: #hes_F# \\pau=100\\  krukväxt?}
83,527.6250472068787,{text: #yeah_D#}
84,540.9150550365448,{text: #yeah_short_C#}
85,543.379287481308,{text: #hes_B# \\pau=100\\  rösträtt?}
86,547.8771774768829,{text: #u-hu_G#}
87,554.1166381835938,{text: #u-hu_B#}
88,564.0459339618683,{text: #yeah_C#}
89,576.4042301177979,{text: #yeah_E#}
90,591.52308344841,{text: #hes_A# \\pau=100\\  lillasyster?}
91,594.4941585063934,{text: #hes_short_C# \\pau=100\\  storebror?}
92,596.6266911029816,{text: #hes_G# \\pau=100\\  farbror?}
93,600.3750810623169,{text: #u-hu_B#}
94,605.3539524078369,{text: #yeah_E#}
95,618.1401417255402,{text: #hes_G# \\pau=100\\  snabbmat?}
96,620.8660485744476,{text: #u-hu_C#}
97,627.2258036136627,{text: #yeah_F#}
98,629.6548566818237,{text: #u-hu_F#}
99,635.6247310638428,{text: #u-hu_D#}
100,643.850964307785,{text: #hes_short_J# \\pau=100\\  garderob?}
101,647.5652525424957,{text: #yeah_short_C#}
102,656.0539762973785,{text: #yeah_short_D#}
103,659.832968711853,{text: #yeah_C#}
104,668.1491060256958,{text: #hes_short_D# \\pau=100\\  bärnsten?}
105,670.6640157699585,{text: #yeah_short_C#}
106,683.9822552204132,{text: #hes_short_B# \\pau=100\\  begravning?}
107,691.370527267456,{text: #hes_short_A# \\pau=100\\  gravsten?}
108,704.6852042675018,{text: #hes_short_C# \\pau=100\\  pingvin?}
109,713.2090435028076,{text: #hes_I# \\pau=100\\  isbjörn?}
110,716.6847434043884,{text: #u-hu_J#}
111,723.9153192043304,{text: #u-hu_F#}
112,728.7188634872437,{text: #hes_E# \\pau=100\\  fotspår?}
113,731.896192073822,{text: #yeah_H#}
114,735.2232322692871,{text: #u-hu_G#}
115,741.5856637954712,{text: #u-hu_G#}
116,749.2686347961426,{text: #hes_C# \\pau=100\\  lösenord?}
117,760.6928720474243,{text: #u-hu_A#}
118,764.98535323143,{text: #yeah_E#}
119,768.585648059845,{text: #hes_E# \\pau=100\\  stavhopp?}
120,770.8033215999603,{text: #hes_short_C# \\pau=100\\  höjdhopp?}
121,773.8926544189453,{text: #u-hu_C#}
122,776.5632259845734,{text: #yeah_I#}
123,781.665299654007,{text: #yeah_short_C#}
124,786.408495426178,{text: #hes_short_J# \\pau=100\\  husdjur?}
125,788.3251042366028,{text: #yeah_I#}
126,793.2732810974121,{text: #yeah_short_D#}
127,795.1943361759186,{text: #u-hu_I#}
128,806.088464975357,{text: #hes_short_G# \\pau=100\\  kyrktorn?}
129,819.5200686454773,{text: #yeah_short_E#}
130,839.1736071109772,{text: #hes_short_A# \\pau=100\\  filmen?}
131,842.3301470279694,{text: #hes_short_E# \\pau=100\\  signaturmelodi?}
132,844.9334971904755,{text: #yeah_short_C#}
133,850.1226897239685,{text: #yeah_short_D#}
134,861.6739542484283,{text: #hes_short_F# \\pau=100\\  trumslagare?}
135,864.1033937931061,{text: #yeah_D#}
136,868.0946431159973,{text: #yeah_C#}
137,877.4527125358582,{text: #yeah_E#}
138,882.1633634567261,{text: #yeah_B#}
139,887.7731149196625,{text: #hes_short_D# \\pau=100\\  resmålet?}
140,895.3302283287048,{text: #u-hu_F#}
141,901.3946390151978,{text: #yeah_E#}
142,915.6170001029968,{text: #hes_G# \\pau=100\\  åldersgräns?}
143,932.9425156116486,{text: #hes_A# \\pau=100\\  biskop?}
144,936.944402217865,{text: #yeah_short_E#}
145,945.5541214942932,{text: #u-hu_C#}
146,949.4215471744537,{text: #hes_short_J# \\pau=100\\  blodkroppar?}
147,962.8960340023041,{text: #hes_short_C# \\pau=100\\  underverk?}
148,965.8043766021729,{text: #u-hu_C#}
149,971.7104034423828,{text: #u-hu_D#}
150,978.64208817482,{text: #yeah_E#}
151,980.3294701576233,{text: #hes_short_I# \\pau=100\\  radhus?}
152,982.5131757259369,{text: #yeah_A#}
153,991.7520554065704,{text: #u-hu_C#}
154,996.8824989795685,{text: #hes_short_E# \\pau=100\\  demokrati?}
155,1011.3487136363983,{text: #hes_short_E# \\pau=100\\  folkomröstning?}
156,1014.9014141559601,{text: Det är hela tiden vi har. \\pau=500\\  Tack för att ni spelade med mig!}
