,timestamp,value
0,-2.518666982650757,{text: #clear_throat_C#}
1,-1.0116536617279053,{text: Hej!}
2,0.0,{text: Jag heter föör hatt.}
3,3.0145201683044434,{text: Vad heter du? Och \\pau=200\\ vart kommer du ifrån?}
4,10.92643404006958,{text: Och vad heter du? och \\pau=150\\ vart kommer du ifrån?}
5,18.323542833328247,{text: Trevligt att träffas!}
6,21.337170362472534,{text: Vi ska spela spelet \\pau=150\\ Med Andra Ord}
7,24.349886417388916,{text: Ni måste beskriva ett ord och jag ska försöka gissa det.}
8,27.86279797554016,{text: Varje ord visas på surfplattan med en liten bild!}
9,31.8777277469635,{text: Ni har en minut på er att beskriva ordet \\pau=500\\ medan jag försöka att gissa.}
10,36.38939332962036,{text: Det finns en regel}
11,38.401033878326416,{text: Ni kan inte säga själva ordet eller varianter av ordet}
12,42.415544748306274,{text: Alla andra strategier för att beskriva ordet är tillåtna. \\pau=500\\ Vi ska spela i cirka 20 minuter}
13,47.931798696517944,{text: Efter spelet får ni välja eran belöning.}
14,50.93981575965881,{text: Redo? Nu kör vi!}
15,70.44339084625244,{text: #u-hu_J#}
16,75.05724787712097,{text: #u-hu_I#}
17,82.61734986305237,{text: #yeah_E#}
18,86.78103971481323,{text: #hes_B# \\pau=100\\  hantverkare?}
19,89.78620982170105,{text: #hes_C# \\pau=100\\  bagare?}
20,102.47542929649353,{text: #yeah_B#}
21,105.29522705078125,{text: #hes_F# \\pau=100\\  kött?}
22,111.98876142501831,{text: #hes_C# \\pau=100\\  skinka?}
23,118.16476798057556,{text: #yeah_A#}
24,127.76821970939636,{text: #hes_I# \\pau=100\\  fjäder?}
25,137.93294405937195,{text: #yeah_short_D#}
26,142.52773427963257,{text: #yeah_J#}
27,146.81086587905884,{text: #hes_B# \\pau=100\\  badrummet?}
28,148.80835580825806,{text: #hes_short_I# \\pau=100\\  dusch?}
29,152.48438048362732,{text: #yeah_short_D#}
30,166.01581978797913,{text: #yeah_short_E#}
31,167.18518090248108,{text: #hes_short_C# \\pau=100\\  regn?}
32,169.19730830192566,{text: #yeah_B#}
33,169.94951176643372,{text: #hes_short_A# \\pau=100\\  blixt?}
34,179.9351453781128,{text: #u-hu_J#}
35,183.82931780815125,{text: #hes_short_D# \\pau=100\\  färg?}
36,186.83164596557617,{text: #hes_J# \\pau=100\\  skärm?}
37,187.8314290046692,{text: #hes_A# \\pau=100\\  fönster?}
38,188.83123111724854,{text: #hes_E# \\pau=100\\  spegel?}
39,199.6460943222046,{text: #yeah_short_A#}
40,205.37721800804138,{text: #yeah_A#}
41,208.17082405090332,{text: #hes_E# \\pau=100\\  spindel?}
42,216.65744876861572,{text: #u-hu_J#}
43,226.7350058555603,{text: #yeah_short_C#}
44,230.85320615768433,{text: #hes_short_D# \\pau=100\\  fantasi?}
45,233.8528344631195,{text: #hes_short_E# \\pau=100\\  dröm?}
46,236.2728362083435,{text: #yeah_H#}
47,238.28566312789917,{text: #hes_short_D# \\pau=100\\  drömmar?}
48,244.6741156578064,{text: #u-hu_A#}
49,249.83572483062744,{text: #yeah_A#}
50,258.6859030723572,{text: #hes_B# \\pau=100\\  prinsessa?}
51,261.68133211135864,{text: #hes_H# \\pau=100\\  prins?}
52,267.7469084262848,{text: #hes_short_C# \\pau=100\\  drottning?}
53,272.75416231155396,{text: #yeah_F#}
54,277.6138708591461,{text: #yeah_A#}
55,287.96145129203796,{text: #yeah_short_B#}
56,291.8857390880585,{text: #hes_short_I# \\pau=100\\  förnamn?}
57,293.8872172832489,{text: #hes_short_J# \\pau=100\\  namn?}
58,294.8912317752838,{text: #hes_F# \\pau=100\\  frimärke?}
59,307.8264408111572,{text: #yeah_E#}
60,311.8939847946167,{text: #hes_short_D# \\pau=100\\  papper?}
61,314.0680754184723,{text: #hes_G# \\pau=100\\  pensel?}
62,324.5640158653259,{text: #u-hu_I#}
63,335.75807452201843,{text: #hes_short_G# \\pau=100\\  spöke?}
64,339.8337664604187,{text: #yeah_C#}
65,353.3337941169739,{text: #yeah_short_D#}
66,357.92467737197876,{text: #hes_short_C# \\pau=100\\  omdömme?}
67,358.9209213256836,{text: #hes_short_B# \\pau=100\\  recension?}
68,360.7784388065338,{text: #hes_J# \\pau=100\\  betyg?}
69,364.01392459869385,{text: #yeah_D#}
70,374.3042838573456,{text: #yeah_short_D#}
71,377.9304120540619,{text: #hes_D# \\pau=100\\  titeln?}
72,379.9312138557434,{text: #hes_D# \\pau=100\\  guld?}
73,381.931636095047,{text: #hes_D# \\pau=100\\  medalj?}
74,382.9378731250763,{text: #hes_I# \\pau=100\\  guldmedalj?}
75,386.24385356903076,{text: #u-hu_B#}
76,389.69272470474243,{text: #u-hu_I#}
77,391.8856084346771,{text: #u-hu_A#}
78,394.37301301956177,{text: #yeah_short_B#}
79,398.9055676460266,{text: #yeah_E#}
80,405.4792604446411,{text: #hes_short_A# \\pau=100\\  uggla?}
81,411.47400403022766,{text: #yeah_short_A#}
82,415.4908854961395,{text: #yeah_I#}
83,429.95454359054565,{text: #hes_short_G# \\pau=100\\  nätet?}
84,433.96351170539856,{text: #hes_C# \\pau=100\\  apotek?}
85,452.2203426361084,{text: #hes_E# \\pau=100\\  husdjur?}
86,462.44414234161377,{text: #u-hu_C#}
87,465.62341928482056,{text: #hes_short_E# \\pau=100\\  vandring?}
88,469.9772958755493,{text: #hes_short_A# \\pau=100\\  fotspår?}
89,475.07357835769653,{text: #yeah_short_B#}
90,479.18725061416626,{text: #u-hu_E#}
91,484.73609709739685,{text: #yeah_short_D#}
92,488.99456119537354,{text: #hes_F# \\pau=100\\  säl?}
93,502.5508427619934,{text: #u-hu_A#}
94,507.00075674057007,{text: #hes_D# \\pau=100\\  pingvin?}
95,508.0041811466217,{text: #hes_F# \\pau=100\\  isbjörn?}
96,511.34335064888,{text: #yeah_E#}
97,523.7932667732239,{text: #u-hu_A#}
98,528.0139319896698,{text: #hes_short_H# \\pau=100\\  barnbarn?}
99,557.1301834583282,{text: #hes_short_D# \\pau=100\\  kyrktorn?}
100,572.4549434185028,{text: #yeah_short_D#}
101,582.8960416316986,{text: #u-hu_A#}
102,584.153089761734,{text: #hes_I# \\pau=100\\  släktingar?}
103,590.0443785190582,{text: #hes_H# \\pau=100\\  lillasyster?}
104,594.3841986656189,{text: #yeah_J#}
105,606.0542964935303,{text: #hes_short_A# \\pau=100\\  moster?}
106,608.0555384159088,{text: #hes_short_B# \\pau=100\\  storebror?}
107,610.062313079834,{text: #hes_A# \\pau=100\\  farbror?}
108,622.7634477615356,{text: #yeah_B#}
109,634.7636566162109,{text: #hes_short_I# \\pau=100\\  möbler?}
110,640.0773086547852,{text: #hes_short_J# \\pau=100\\  garderob?}
111,650.9971444606781,{text: #u-hu_F#}
112,660.0260877609253,{text: #yeah_F#}
113,668.0868344306946,{text: #hes_short_D# \\pau=100\\  tavlan?}
114,669.0864264965057,{text: #hes_B# \\pau=100\\  granit?}
115,670.0880036354065,{text: #hes_C# \\pau=100\\  sten?}
116,672.0922756195068,{text: #hes_J# \\pau=100\\  gravsten?}
117,685.3132462501526,{text: #hes_short_H# \\pau=100\\  stavhopp?}
118,687.5427267551422,{text: #hes_F# \\pau=100\\  höjdhopp?}
119,703.2257227897644,{text: #u-hu_I#}
120,711.3854739665985,{text: #u-hu_F#}
121,721.1991884708405,{text: #hes_E# \\pau=100\\  stenbock?}
122,745.165638923645,{text: #hes_G# \\pau=100\\  trädgården?}
123,751.8277146816254,{text: #yeah_F#}
124,762.0529270172119,{text: #hes_short_J# \\pau=100\\  krukväxt?}
125,766.1948006153107,{text: #yeah_C#}
126,784.7622807025909,{text: #hes_short_G# \\pau=100\\  rösträtt?}
127,795.145902633667,{text: #u-hu_G#}
128,800.9064526557922,{text: #yeah_short_C#}
129,809.577584028244,{text: #hes_short_D# \\pau=100\\  lösenord?}
130,821.1538281440735,{text: #yeah_E#}
131,825.1721193790436,{text: #hes_short_H# \\pau=100\\  aposteln?}
132,827.1730682849884,{text: #hes_short_C# \\pau=100\\  präst?}
133,828.172354221344,{text: #hes_J# \\pau=100\\  pastor?}
134,831.1755104064941,{text: #hes_B# \\pau=100\\  biskop?}
135,834.3509275913239,{text: #u-hu_I#}
136,840.861997127533,{text: #u-hu_A#}
137,848.5453276634216,{text: #hes_short_A# \\pau=100\\  beslutet?}
138,853.7353765964508,{text: #yeah_C#}
139,861.7444314956665,{text: #hes_short_B# \\pau=100\\  folkomröstning?}
140,878.0906283855438,{text: #hes_short_D# \\pau=100\\  broar?}
141,889.2035036087036,{text: #hes_short_H# \\pau=100\\  tunneln?}
142,894.747349023819,{text: #hes_short_C# \\pau=100\\  hängbro?}
143,908.7246673107147,{text: #yeah_A#}
144,920.5132970809937,{text: #hes_short_A# \\pau=100\\  musklerna?}
145,927.2346668243408,{text: #hes_A# \\pau=100\\  blodkroppar?}
146,951.9525504112244,{text: #yeah_F#}
147,960.9803040027618,{text: #yeah_H#}
148,965.2455558776855,{text: #hes_D# \\pau=100\\  begränsning?}
149,970.2856676578522,{text: #hes_short_I# \\pau=100\\  åldersgräns?}
150,987.4453866481781,{text: #u-hu_B#}
151,995.602489233017,{text: #hes_I# \\pau=100\\  dröm?}
152,1000.8961179256439,{text: #hes_short_I# \\pau=100\\  underverk?}
153,1003.7223298549652,{text: Det är hela tiden vi har. \\pau=500\\  Tack för att ni spelade med mig!}
