,timestamp,value
0,-2.5181074142456055,{text: #clear_throat_C#}
1,-1.011411428451538,{text: Hej!}
2,0.0,{text: Jag heter föör hatt.}
3,3.0138096809387207,{text: Vad heter du? Och \\pau=200\\ vart kommer du ifrån?}
4,9.912460088729858,{text: Och vad heter du? och \\pau=150\\ vart kommer du ifrån?}
5,16.34430718421936,{text: Trevligt att träffas!}
6,19.35739755630493,{text: Vi ska spela spelet \\pau=150\\ Med Andra Ord}
7,22.36980628967285,{text: Ni måste beskriva ett ord och jag ska försöka gissa det.}
8,25.883888483047485,{text: Varje ord visas på surfplattan med en liten bild!}
9,29.89660358428955,{text: Ni har en minut på er att beskriva ordet \\pau=500\\ medan jag försöka att gissa.}
10,34.4078266620636,{text: Det finns en regel}
11,36.41964077949524,{text: Ni kan inte säga själva ordet eller varianter av ordet}
12,40.432454347610474,{text: Alla andra strategier för att beskriva ordet är tillåtna. \\pau=500\\ Vi ska spela i cirka 20 minuter}
13,45.94765305519104,{text: Efter spelet får ni välja eran belöning.}
14,48.95542311668396,{text: Redo? Nu kör vi!}
15,80.63056182861328,{text: #hes_short_I# \\pau=100\\  dröm?}
16,84.97144722938538,{text: #hes_I# \\pau=100\\  spöke?}
17,105.04361200332642,{text: #yeah_B#}
18,108.98286962509155,{text: #hes_short_G# \\pau=100\\  prinsessa?}
19,113.99064183235168,{text: #hes_short_J# \\pau=100\\  drottning?}
20,129.4948251247406,{text: #yeah_G#}
21,135.8264355659485,{text: #hes_I# \\pau=100\\  regn?}
22,145.00520539283752,{text: #hes_E# \\pau=100\\  åska?}
23,146.01337099075317,{text: #hes_short_J# \\pau=100\\  blixt?}
24,164.65364837646484,{text: #yeah_D#}
25,170.50994348526,{text: #hes_E# \\pau=100\\  uggla?}
26,186.70737409591675,{text: #yeah_D#}
27,191.03243780136108,{text: #hes_short_E# \\pau=100\\  guld?}
28,194.03146862983704,{text: #hes_I# \\pau=100\\  medalj?}
29,197.03687024116516,{text: #hes_F# \\pau=100\\  guldmedalj?}
30,210.1045913696289,{text: #yeah_F#}
31,214.04602432250977,{text: #hes_E# \\pau=100\\  omdömme?}
32,217.04754900932312,{text: #hes_J# \\pau=100\\  betyg?}
33,233.89458346366882,{text: #u-hu_D#}
34,249.06693243980408,{text: #hes_short_F# \\pau=100\\  hantverkare?}
35,250.07165575027466,{text: #hes_short_D# \\pau=100\\  bagare?}
36,262.7246108055115,{text: #yeah_short_C#}
37,275.8375096321106,{text: #yeah_D#}
38,280.0828721523285,{text: #hes_I# \\pau=100\\  fjäder?}
39,289.96443152427673,{text: #yeah_D#}
40,297.7963080406189,{text: #u-hu_F#}
41,316.8158655166626,{text: #hes_C# \\pau=100\\  dröm?}
42,337.09626817703247,{text: #yeah_B#}
43,341.7512102127075,{text: #hes_short_B# \\pau=100\\  skinka?}
44,364.2153306007385,{text: #u-hu_D#}
45,368.13586378097534,{text: #hes_A# \\pau=100\\  spindel?}
46,382.63148307800293,{text: #u-hu_G#}
47,387.8542935848236,{text: #u-hu_B#}
48,392.1473877429962,{text: #hes_E# \\pau=100\\  färg?}
49,394.1455225944519,{text: #hes_G# \\pau=100\\  stil?}
50,395.14741611480713,{text: #hes_short_I# \\pau=100\\  skärm?}
51,400.27509212493896,{text: #hes_short_A# \\pau=100\\  fönster?}
52,404.1520245075226,{text: #hes_short_D# \\pau=100\\  spegel?}
53,419.65445351600647,{text: #yeah_J#}
54,436.8743507862091,{text: #yeah_A#}
55,444.17522406578064,{text: #hes_J# \\pau=100\\  nätet?}
56,451.9046437740326,{text: #hes_B# \\pau=100\\  apotek?}
57,465.61438608169556,{text: #yeah_short_E#}
58,467.92421889305115,{text: #hes_short_B# \\pau=100\\  dröm?}
59,475.194580078125,{text: #hes_short_I# \\pau=100\\  mardröm?}
60,488.3256723880768,{text: #hes_B# \\pau=100\\  säng?}
61,500.2081735134125,{text: #hes_short_H# \\pau=100\\  garderob?}
62,516.3142786026001,{text: #yeah_short_E#}
63,529.0066869258881,{text: #hes_H# \\pau=100\\  kaniner?}
64,533.2262184619904,{text: #hes_short_I# \\pau=100\\  husdjur?}
65,544.2737104892731,{text: #u-hu_C#}
66,561.5593507289886,{text: #hes_H# \\pau=100\\  snabbmat?}
67,570.6453528404236,{text: #u-hu_J#}
68,578.6258790493011,{text: #yeah_short_D#}
69,588.2536404132843,{text: #hes_E# \\pau=100\\  kryckor?}
70,589.2536616325378,{text: #hes_H# \\pau=100\\  bil?}
71,593.2563426494598,{text: #hes_short_J# \\pau=100\\  rullstol?}
72,607.6338198184967,{text: #u-hu_A#}
73,612.1636831760406,{text: #u-hu_C#}
74,617.3546321392059,{text: #yeah_A#}
75,621.5264039039612,{text: #yeah_B#}
76,625.27295088768,{text: #hes_short_H# \\pau=100\\  xylofon?}
77,627.2807939052582,{text: #hes_short_I# \\pau=100\\  slagverk?}
78,639.7638323307037,{text: #yeah_F#}
79,643.2876396179199,{text: #hes_C# \\pau=100\\  barnbarn?}
80,667.1886439323425,{text: #hes_I# \\pau=100\\  rösträtt?}
81,683.5964286327362,{text: #u-hu_I#}
82,687.3096640110016,{text: #hes_short_J# \\pau=100\\  katedralen?}
83,691.316032409668,{text: #hes_short_G# \\pau=100\\  kyrktorn?}
84,712.1262109279633,{text: #yeah_short_A#}
85,716.3256714344025,{text: #hes_short_H# \\pau=100\\  stenar?}
86,716.331577539444,{text: #hes_B# \\pau=100\\  pärlor?}
87,720.3265588283539,{text: #hes_short_B# \\pau=100\\  diamanter?}
88,722.3329641819,{text: #hes_E# \\pau=100\\  bärnsten?}
89,739.8436362743378,{text: #u-hu_B#}
90,760.6665284633636,{text: #yeah_short_C#}
91,766.3507220745087,{text: #hes_G# \\pau=100\\  lösenordet?}
92,790.8604698181152,{text: #hes_J# \\pau=100\\  stenbock?}
93,807.8613493442535,{text: #yeah_C#}
94,832.8135554790497,{text: #hes_I# \\pau=100\\  storebror?}
95,836.3920974731445,{text: #hes_A# \\pau=100\\  lillasyster?}
96,841.4013028144836,{text: #hes_B# \\pau=100\\  farbror?}
97,869.4164266586304,{text: #hes_short_C# \\pau=100\\  beslutet?}
98,872.4177579879761,{text: #hes_B# \\pau=100\\  demokrati?}
99,873.4182922840118,{text: #hes_short_E# \\pau=100\\  politik?}
100,877.4251039028168,{text: #hes_short_I# \\pau=100\\  folkomröstning?}
101,890.8031322956085,{text: #yeah_G#}
102,900.0733542442322,{text: #yeah_C#}
103,904.4357903003693,{text: #hes_E# \\pau=100\\  symaskin?}
104,906.437548160553,{text: #hes_short_I# \\pau=100\\  vävstol?}
105,911.1153116226196,{text: #yeah_short_B#}
106,921.1036913394928,{text: #u-hu_F#}
107,928.4480874538422,{text: #hes_short_B# \\pau=100\\  präst?}
108,930.4477000236511,{text: #hes_short_A# \\pau=100\\  pastor?}
109,931.4549689292908,{text: #hes_short_A# \\pau=100\\  biskop?}
110,949.0006477832794,{text: #yeah_B#}
111,957.103579044342,{text: #hes_short_A# \\pau=100\\  begränsning?}
112,962.4647591114044,{text: #hes_short_A# \\pau=100\\  ålder?}
113,964.4670264720917,{text: #hes_G# \\pau=100\\  åldersgränsen?}
114,965.4714143276215,{text: #hes_G# \\pau=100\\  åldersgräns?}
115,970.0049967765808,{text: #u-hu_C#}
116,988.5459425449371,{text: #yeah_short_B#}
117,992.4814097881317,{text: #hes_I# \\pau=100\\  bebyggelse?}
118,992.4879446029663,{text: #hes_J# \\pau=100\\  bryggor?}
119,996.4815301895142,{text: #hes_short_E# \\pau=100\\  broar?}
120,997.4821968078613,{text: #hes_short_E# \\pau=100\\  järnväg?}
121,1000.4834868907928,{text: #hes_H# \\pau=100\\  tunneln?}
122,1001.4882578849792,{text: #hes_short_E# \\pau=100\\  hängbro?}
123,1014.1653304100037,{text: #yeah_D#}
124,1021.5806663036346,{text: #hes_short_A# \\pau=100\\  underverk?}
125,1025.7445394992828,{text: Det är hela tiden vi har. \\pau=500\\  Tack för att ni spelade med mig!}
