,timestamp,value
0,-2.5215611457824707,{text: #clear_throat_C#}
1,-1.015007495880127,{text: Hej!}
2,0.0,{text: Jag heter föör hatt.}
3,3.0162885189056396,{text: Vad heter du? Och \\pau=200\\ vart kommer du ifrån?}
4,8.887614727020264,{text: Och vad heter du? och \\pau=150\\ vart kommer du ifrån?}
5,15.058510065078735,{text: Trevligt att träffas!}
6,18.069042205810547,{text: Vi ska spela spelet \\pau=150\\ Med Andra Ord}
7,21.085740566253662,{text: Ni måste beskriva ett ord och jag ska försöka gissa det.}
8,24.599138736724854,{text: Varje ord visas på surfplattan med en liten bild!}
9,28.61384391784668,{text: Ni har en minut på er att beskriva ordet \\pau=500\\ medan jag försöka att gissa.}
10,33.129122734069824,{text: Det finns en regel}
11,35.14169788360596,{text: Ni kan inte säga själva ordet eller varianter av ordet}
12,39.15557312965393,{text: Alla andra strategier för att beskriva ordet är tillåtna. \\pau=500\\ Vi ska spela i cirka 20 minuter}
13,44.67512345314026,{text: Efter spelet får ni välja eran belöning.}
14,47.68447184562683,{text: Redo? Nu kör vi!}
15,62.76410531997681,{text: #yeah_G#}
16,77.60402059555054,{text: #hes_J# \\pau=100\\  fjäder?}
17,91.37387037277222,{text: #u-hu_C#}
18,99.99701261520386,{text: #hes_short_H# \\pau=100\\  dröm?}
19,102.99902987480164,{text: #hes_J# \\pau=100\\  spöke?}
20,114.96667814254761,{text: #hes_short_C# \\pau=100\\  pensel?}
21,127.47267389297485,{text: #hes_short_G# \\pau=100\\  omdömme?}
22,132.0148983001709,{text: #hes_short_H# \\pau=100\\  recension?}
23,133.0203468799591,{text: #hes_D# \\pau=100\\  betyg?}
24,142.04721474647522,{text: #yeah_I#}
25,147.12173986434937,{text: #yeah_C#}
26,154.13491201400757,{text: #hes_C# \\pau=100\\  människor?}
27,156.63843154907227,{text: #hes_A# \\pau=100\\  drömmar?}
28,165.69240474700928,{text: #yeah_A#}
29,172.85925674438477,{text: #hes_I# \\pau=100\\  ljus?}
30,177.03826093673706,{text: #hes_short_J# \\pau=100\\  regn?}
31,178.0410623550415,{text: #hes_D# \\pau=100\\  blixt?}
32,186.02698802947998,{text: #yeah_short_D#}
33,194.67381191253662,{text: #yeah_short_C#}
34,199.5637571811676,{text: #hes_short_A# \\pau=100\\  badrummet?}
35,209.75693130493164,{text: #hes_short_C# \\pau=100\\  guld?}
36,219.87401819229126,{text: #yeah_F#}
37,225.06484246253967,{text: #hes_J# \\pau=100\\  medalj?}
38,230.097882270813,{text: #hes_I# \\pau=100\\  titeln?}
39,236.0785551071167,{text: #hes_short_H# \\pau=100\\  guldmedalj?}
40,243.867258310318,{text: #yeah_short_B#}
41,257.0816912651062,{text: #hes_short_C# \\pau=100\\  läkare?}
42,258.08636021614075,{text: #hes_F# \\pau=100\\  apotek?}
43,276.9334168434143,{text: #u-hu_I#}
44,283.5646941661835,{text: #yeah_H#}
45,285.53815746307373,{text: #hes_short_C# \\pau=100\\  uggla?}
46,292.17351484298706,{text: #yeah_short_B#}
47,294.99688053131104,{text: #u-hu_G#}
48,302.5783681869507,{text: #hes_F# \\pau=100\\  smör?}
49,313.11819076538086,{text: #hes_short_H# \\pau=100\\  skinka?}
50,330.0864279270172,{text: #u-hu_C#}
51,343.2644808292389,{text: #hes_short_J# \\pau=100\\  fluga?}
52,349.29330015182495,{text: #hes_G# \\pau=100\\  spindel?}
53,364.08268451690674,{text: #hes_F# \\pau=100\\  färg?}
54,369.66481256484985,{text: #hes_short_F# \\pau=100\\  skärm?}
55,377.3790557384491,{text: #hes_A# \\pau=100\\  spegel?}
56,391.58586025238037,{text: #yeah_short_C#}
57,400.02933406829834,{text: #hes_short_I# \\pau=100\\  frimärke?}
58,407.03830218315125,{text: #yeah_E#}
59,425.17143392562866,{text: #hes_H# \\pau=100\\  prins?}
60,437.17837619781494,{text: #hes_short_E# \\pau=100\\  drottning?}
61,440.5243787765503,{text: #yeah_J#}
62,447.14662289619446,{text: #hes_short_A# \\pau=100\\  möbler?}
63,451.1891448497772,{text: #hes_short_G# \\pau=100\\  garderob?}
64,460.4119555950165,{text: #yeah_C#}
65,466.1745448112488,{text: #hes_short_J# \\pau=100\\  mat?}
66,472.53495383262634,{text: #u-hu_D#}
67,479.1647789478302,{text: #hes_J# \\pau=100\\  lunch?}
68,482.07177090644836,{text: #u-hu_A#}
69,487.83971548080444,{text: #hes_I# \\pau=100\\  snabbmat?}
70,490.34937715530396,{text: #yeah_J#}
71,497.7931022644043,{text: #hes_short_J# \\pau=100\\  stenbock?}
72,509.8888590335846,{text: #hes_F# \\pau=100\\  mardröm?}
73,521.6387002468109,{text: #yeah_C#}
74,537.1829288005829,{text: #hes_H# \\pau=100\\  politik?}
75,542.7659387588501,{text: #yeah_H#}
76,545.0455420017242,{text: #hes_B# \\pau=100\\  parti?}
77,549.3654315471649,{text: #hes_short_J# \\pau=100\\  rösträtt?}
78,575.3100049495697,{text: #u-hu_I#}
79,580.2531218528748,{text: #hes_short_B# \\pau=100\\  broder?}
80,582.2578511238098,{text: #hes_short_B# \\pau=100\\  farbror?}
81,598.2616901397705,{text: #hes_A# \\pau=100\\  kruka?}
82,599.2631108760834,{text: #hes_short_H# \\pau=100\\  blommor?}
83,603.9048902988434,{text: #hes_C# \\pau=100\\  krukväxt?}
84,609.8987250328064,{text: #yeah_short_D#}
85,617.8763508796692,{text: #u-hu_C#}
86,622.2053298950195,{text: #hes_F# \\pau=100\\  vandring?}
87,628.327098608017,{text: #hes_short_J# \\pau=100\\  fotspår?}
88,632.5792393684387,{text: #u-hu_C#}
89,647.9149308204651,{text: #hes_C# \\pau=100\\  höjdhopp?}
90,658.6852343082428,{text: #yeah_short_D#}
91,669.3008148670197,{text: #hes_short_B# \\pau=100\\  kyrka?}
92,670.308393239975,{text: #hes_B# \\pau=100\\  kyrktorn?}
93,675.0924961566925,{text: #yeah_G#}
94,681.0353853702545,{text: #yeah_short_B#}
95,685.0492539405823,{text: #yeah_D#}
96,698.1638748645782,{text: #hes_short_C# \\pau=100\\  bärnsten?}
97,708.1524834632874,{text: #u-hu_G#}
98,720.0102348327637,{text: #hes_short_H# \\pau=100\\  lösenord?}
99,727.7091009616852,{text: #yeah_E#}
100,731.6994264125824,{text: #hes_short_E# \\pau=100\\  kryckor?}
101,734.6738443374634,{text: #hes_short_E# \\pau=100\\  rullstol?}
102,745.3848028182983,{text: #hes_short_D# \\pau=100\\  kaniner?}
103,756.3678407669067,{text: #hes_D# \\pau=100\\  husdjur?}
104,758.8552567958832,{text: #u-hu_B#}
105,766.2596244812012,{text: #hes_H# \\pau=100\\  släktingar?}
106,770.4640126228333,{text: #hes_short_B# \\pau=100\\  barnbarn?}
107,785.8802299499512,{text: #yeah_E#}
108,796.7402608394623,{text: #yeah_short_E#}
109,800.5833394527435,{text: #hes_J# \\pau=100\\  sjölejon?}
110,804.3739557266235,{text: #hes_short_F# \\pau=100\\  säl?}
111,807.0411999225616,{text: #hes_short_G# \\pau=100\\  isbjörn?}
112,821.5600395202637,{text: #hes_short_E# \\pau=100\\  hängbro?}
113,832.5658388137817,{text: #yeah_short_E#}
114,837.336606502533,{text: #yeah_C#}
115,840.638792514801,{text: #hes_C# \\pau=100\\  åldersgräns?}
116,849.213586807251,{text: #u-hu_D#}
117,853.9084272384644,{text: #hes_short_G# \\pau=100\\  signaturmelodi?}
118,865.3543467521667,{text: #u-hu_B#}
119,871.6268711090088,{text: #yeah_G#}
120,876.0378441810608,{text: #hes_G# \\pau=100\\  biskop?}
121,889.9567279815674,{text: #u-hu_J#}
122,894.4235644340515,{text: #hes_J# \\pau=100\\  storstad?}
123,903.8193814754486,{text: #hes_short_J# \\pau=100\\  resmål?}
124,907.5636765956879,{text: #yeah_short_A#}
125,912.7534146308899,{text: #yeah_short_C#}
126,922.2351779937744,{text: #hes_B# \\pau=100\\  symaskin?}
127,927.4429957866669,{text: #hes_short_C# \\pau=100\\  vävstol?}
128,941.5245676040649,{text: #yeah_J#}
129,944.7367844581604,{text: #yeah_J#}
130,950.4552750587463,{text: #hes_short_H# \\pau=100\\  demokrati?}
131,954.9906339645386,{text: #hes_short_I# \\pau=100\\  folkomröstning?}
132,975.7807796001434,{text: #hes_short_H# \\pau=100\\  dröm?}
133,979.474359035492,{text: #hes_A# \\pau=100\\  underverk?}
134,993.2702171802521,{text: #u-hu_E#}
135,996.3298761844635,{text: #yeah_J#}
136,1006.485814332962,{text: #hes_A# \\pau=100\\  musklerna?}
137,1009.9867179393768,{text: #hes_C# \\pau=100\\  blodkroppar?}
138,1013.2633311748505,{text: Det är hela tiden vi har. \\pau=500\\  Tack för att ni spelade med mig!}
