,timestamp,value
0,-2.5182886123657227,{text: #clear_throat_C#}
1,-1.011256217956543,{text: Hej!}
2,0.0,{text: Jag heter föör hatt.}
3,3.012319803237915,{text: Vad heter du? Och \\pau=200\\ vart kommer du ifrån?}
4,8.464523553848267,{text: Och vad heter du? och \\pau=150\\ vart kommer du ifrån?}
5,14.681415796279907,{text: Trevligt att träffas!}
6,17.69399404525757,{text: Vi ska spela spelet \\pau=150\\ Med Andra Ord}
7,20.712273597717285,{text: Ni måste beskriva ett ord och jag ska försöka gissa det.}
8,24.224074125289917,{text: Varje ord visas på surfplattan med en liten bild!}
9,28.23832392692566,{text: Ni har en minut på er att beskriva ordet \\pau=500\\ medan jag försöka att gissa.}
10,32.752928256988525,{text: Det finns en regel}
11,34.76471662521362,{text: Ni kan inte säga själva ordet eller varianter av ordet}
12,38.778921604156494,{text: Alla andra strategier för att beskriva ordet är tillåtna. \\pau=500\\ Vi ska spela i cirka 20 minuter}
13,44.29419302940369,{text: Efter spelet får ni välja eran belöning.}
14,47.30132865905762,{text: Redo? Nu kör vi!}
15,73.8026180267334,{text: #yeah_I#}
16,78.03528547286987,{text: #hes_A# \\pau=100\\  prins?}
17,87.04263377189636,{text: #hes_H# \\pau=100\\  prinsessa?}
18,89.0465133190155,{text: #hes_F# \\pau=100\\  drottning?}
19,92.2204258441925,{text: #yeah_F#}
20,105.6928277015686,{text: #hes_D# \\pau=100\\  regn?}
21,115.12052941322327,{text: #hes_short_A# \\pau=100\\  blixt?}
22,126.48145341873169,{text: #u-hu_A#}
23,132.33694648742676,{text: #hes_E# \\pau=100\\  skinka?}
24,141.120596408844,{text: #yeah_C#}
25,155.0751919746399,{text: #hes_short_D# \\pau=100\\  näbb?}
26,158.08532285690308,{text: #hes_E# \\pau=100\\  fjäder?}
27,161.55205988883972,{text: #yeah_G#}
28,174.09344005584717,{text: #hes_short_D# \\pau=100\\  spindel?}
29,192.87128114700317,{text: #u-hu_J#}
30,197.1028275489807,{text: #hes_short_A# \\pau=100\\  hantverkare?}
31,198.1038680076599,{text: #hes_J# \\pau=100\\  bagare?}
32,217.65050959587097,{text: #yeah_B#}
33,222.1136519908905,{text: #hes_D# \\pau=100\\  förnamn?}
34,225.12693190574646,{text: #hes_E# \\pau=100\\  frimärke?}
35,241.68202018737793,{text: #yeah_J#}
36,250.08617877960205,{text: #u-hu_F#}
37,254.13149404525757,{text: #hes_E# \\pau=100\\  toalett?}
38,259.02024841308594,{text: #yeah_short_B#}
39,263.1362783908844,{text: #hes_I# \\pau=100\\  badrummet?}
40,266.67093110084534,{text: #yeah_B#}
41,289.3217568397522,{text: #u-hu_E#}
42,297.15492391586304,{text: #hes_short_C# \\pau=100\\  pensel?}
43,304.9508783817291,{text: #u-hu_E#}
44,307.5010132789612,{text: #yeah_D#}
45,316.1651372909546,{text: #hes_C# \\pau=100\\  läkare?}
46,323.1697738170624,{text: #hes_short_B# \\pau=100\\  kliniken?}
47,325.71145009994507,{text: #u-hu_F#}
48,331.66820073127747,{text: #hes_short_G# \\pau=100\\  apotek?}
49,335.52118039131165,{text: #yeah_short_A#}
50,342.99084401130676,{text: #u-hu_J#}
51,345.1182351112366,{text: #hes_I# \\pau=100\\  titeln?}
52,347.58149337768555,{text: #hes_E# \\pau=100\\  medalj?}
53,354.0612964630127,{text: #hes_F# \\pau=100\\  guld?}
54,360.19163370132446,{text: #hes_H# \\pau=100\\  guldmedalj?}
55,363.6604001522064,{text: #yeah_H#}
56,376.6212031841278,{text: #yeah_B#}
57,385.3585720062256,{text: #hes_E# \\pau=100\\  spöke?}
58,389.5779173374176,{text: #u-hu_F#}
59,392.85069608688354,{text: #yeah_J#}
60,403.2132053375244,{text: #hes_D# \\pau=100\\  omdömme?}
61,408.5111708641052,{text: #hes_short_J# \\pau=100\\  betyg?}
62,421.1124565601349,{text: #u-hu_A#}
63,428.61416959762573,{text: #hes_I# \\pau=100\\  uggla?}
64,434.2206609249115,{text: #u-hu_A#}
65,440.7616055011749,{text: #yeah_F#}
66,445.2395374774933,{text: #hes_short_E# \\pau=100\\  stenbock?}
67,451.7700741291046,{text: #yeah_H#}
68,459.3627145290375,{text: #u-hu_I#}
69,465.18644762039185,{text: #hes_short_E# \\pau=100\\  höjdhopp?}
70,476.3105866909027,{text: #u-hu_C#}
71,482.0457785129547,{text: #yeah_short_B#}
72,487.25894570350647,{text: #hes_F# \\pau=100\\  xylofon?}
73,491.27459716796875,{text: #hes_short_I# \\pau=100\\  slagverk?}
74,498.96261405944824,{text: #u-hu_A#}
75,504.2105052471161,{text: #u-hu_B#}
76,510.960431098938,{text: #u-hu_C#}
77,515.2788081169128,{text: #hes_B# \\pau=100\\  barnbarn?}
78,518.9707300662994,{text: #u-hu_B#}
79,527.9423928260803,{text: #u-hu_B#}
80,530.8512330055237,{text: #u-hu_I#}
81,537.5732464790344,{text: #yeah_I#}
82,541.2914907932281,{text: #hes_H# \\pau=100\\  fotspår?}
83,544.5873284339905,{text: #u-hu_D#}
84,555.0577864646912,{text: #u-hu_C#}
85,559.292962551117,{text: #hes_short_E# \\pau=100\\  kaniner?}
86,569.2540922164917,{text: #hes_G# \\pau=100\\  husdjur?}
87,572.2206437587738,{text: #yeah_E#}
88,587.2497158050537,{text: #yeah_short_B#}
89,592.5325725078583,{text: #hes_short_D# \\pau=100\\  kyrktorn?}
90,601.290225982666,{text: #yeah_G#}
91,608.3095185756683,{text: #yeah_A#}
92,617.6723320484161,{text: #u-hu_E#}
93,621.3292458057404,{text: #hes_short_C# \\pau=100\\  sjölejon?}
94,623.8846337795258,{text: #hes_E# \\pau=100\\  isbjörn?}
95,625.9526975154877,{text: #yeah_H#}
96,631.4719564914703,{text: #u-hu_I#}
97,649.0528402328491,{text: #yeah_short_E#}
98,658.2354910373688,{text: #hes_short_C# \\pau=100\\  bärnsten?}
99,663.0906918048859,{text: #yeah_B#}
100,666.1519460678101,{text: #yeah_E#}
101,673.9480323791504,{text: #u-hu_J#}
102,678.9334661960602,{text: #hes_G# \\pau=100\\  mardröm?}
103,695.5212275981903,{text: #u-hu_C#}
104,701.4619107246399,{text: #u-hu_I#}
105,707.4944515228271,{text: #hes_F# \\pau=100\\  snabbmat?}
106,719.3699052333832,{text: #yeah_D#}
107,727.3860864639282,{text: #hes_short_E# \\pau=100\\  kruka?}
108,733.6856944561005,{text: #hes_F# \\pau=100\\  krukväxt?}
109,737.5498425960541,{text: #u-hu_D#}
110,750.3896071910858,{text: #yeah_C#}
111,759.404613494873,{text: #hes_short_E# \\pau=100\\  storebror?}
112,765.4126751422882,{text: #hes_short_G# \\pau=100\\  farbror?}
113,770.4000804424286,{text: #yeah_J#}
114,792.2410225868225,{text: #yeah_short_A#}
115,795.2412464618683,{text: #hes_C# \\pau=100\\  politik?}
116,799.4285407066345,{text: #hes_short_A# \\pau=100\\  folkomröstning?}
117,802.2006242275238,{text: #u-hu_F#}
118,808.6264517307281,{text: #hes_D# \\pau=100\\  rösträtt?}
119,812.2467346191406,{text: #u-hu_F#}
120,828.480197429657,{text: #yeah_short_E#}
121,836.609046459198,{text: #u-hu_J#}
122,841.7454600334167,{text: #hes_F# \\pau=100\\  vävstol?}
123,870.3311107158661,{text: #hes_short_B# \\pau=100\\  resmål?}
124,873.6291706562042,{text: #yeah_H#}
125,889.4765775203705,{text: #hes_short_F# \\pau=100\\  hormoner?}
126,893.4772419929504,{text: #hes_D# \\pau=100\\  musklerna?}
127,900.4818382263184,{text: #yeah_short_D#}
128,906.2798759937286,{text: #hes_short_D# \\pau=100\\  blodkroppar?}
129,921.5403480529785,{text: #u-hu_D#}
130,929.2529051303864,{text: #yeah_A#}
131,933.4824998378754,{text: #u-hu_F#}
132,937.5041828155518,{text: #hes_F# \\pau=100\\  dröm?}
133,939.5041654109955,{text: #hes_short_B# \\pau=100\\  pyramider?}
134,942.5047614574432,{text: #hes_short_F# \\pau=100\\  underverk?}
135,949.9806773662567,{text: #u-hu_G#}
136,956.5798466205597,{text: #hes_short_G# \\pau=100\\  aposteln?}
137,966.0581820011139,{text: #hes_C# \\pau=100\\  pastor?}
138,968.5506331920624,{text: #yeah_A#}
139,973.5293753147125,{text: #hes_short_I# \\pau=100\\  biskop?}
140,977.310085773468,{text: #u-hu_I#}
141,992.2509160041809,{text: #yeah_F#}
142,996.5335562229156,{text: #hes_short_C# \\pau=100\\  motorväg?}
143,1001.2533600330353,{text: #hes_short_D# \\pau=100\\  hängbro?}
144,1004.7908892631531,{text: Det är hela tiden vi har. \\pau=500\\  Tack för att ni spelade med mig!}
